input_record_identifier,incident_id,split
REC-00000,SYN-0000,validation
REC-00001,SYN-0000,validation
REC-00002,SYN-0000,validation
REC-00003,SYN-0000,validation
REC-00004,SYN-0000,validation
REC-00005,SYN-0000,validation
REC-00006,SYN-0000,validation
REC-00007,SYN-0000,validation
REC-00008,SYN-0000,validation
REC-00009,SYN-0000,validation
REC-00010,SYN-0000,validation
REC-00011,SYN-0000,validation
REC-00012,SYN-0001,validation
REC-00013,SYN-0001,validation
REC-00014,SYN-0001,validation
REC-00015,SYN-0001,validation
REC-00016,SYN-0001,validation
REC-00017,SYN-0001,validation
REC-00018,SYN-0001,validation
REC-00019,SYN-0001,validation
REC-00020,SYN-0001,validation
REC-00021,SYN-0001,validation
REC-00022,SYN-0001,validation
REC-00023,SYN-0001,validation
REC-00024,SYN-0002,validation
REC-00025,SYN-0002,validation
REC-00026,SYN-0002,validation
REC-00027,SYN-0002,validation
REC-00028,SYN-0002,validation
REC-00029,SYN-0002,validation
REC-00030,SYN-0002,validation
REC-00031,SYN-0002,validation
REC-00032,SYN-0002,validation
REC-00033,SYN-0002,validation
REC-00034,SYN-0002,validation
REC-00035,SYN-0002,validation
REC-00036,SYN-0003,train
REC-00037,SYN-0003,train
REC-00038,SYN-0003,train
REC-00039,SYN-0003,train
REC-00040,SYN-0003,train
REC-00041,SYN-0003,train
REC-00042,SYN-0003,train
REC-00043,SYN-0003,train
REC-00044,SYN-0003,train
REC-00045,SYN-0003,train
REC-00046,SYN-0003,train
REC-00047,SYN-0003,train
REC-00048,SYN-0004,train
REC-00049,SYN-0004,train
REC-00050,SYN-0004,train
REC-00051,SYN-0004,train
REC-00052,SYN-0004,train
REC-00053,SYN-0004,train
REC-00054,SYN-0004,train
REC-00055,SYN-0004,train
REC-00056,SYN-0004,train
REC-00057,SYN-0004,train
REC-00058,SYN-0004,train
REC-00059,SYN-0004,train
REC-00060,SYN-0005,train
REC-00061,SYN-0005,train
REC-00062,SYN-0005,train
REC-00063,SYN-0005,train
REC-00064,SYN-0005,train
REC-00065,SYN-0005,train
REC-00066,SYN-0005,train
REC-00067,SYN-0005,train
REC-00068,SYN-0005,train
REC-00069,SYN-0005,train
REC-00070,SYN-0005,train
REC-00071,SYN-0005,train
REC-00072,SYN-0006,test
REC-00073,SYN-0006,test
REC-00074,SYN-0006,test
REC-00075,SYN-0006,test
REC-00076,SYN-0006,test
REC-00077,SYN-0006,test
REC-00078,SYN-0006,test
REC-00079,SYN-0006,test
REC-00080,SYN-0006,test
REC-00081,SYN-0006,test
REC-00082,SYN-0006,test
REC-00083,SYN-0006,test
REC-00084,SYN-0007,train
REC-00085,SYN-0007,train
REC-00086,SYN-0007,train
REC-00087,SYN-0007,train
REC-00088,SYN-0007,train
REC-00089,SYN-0007,train
REC-00090,SYN-0007,train
REC-00091,SYN-0007,train
REC-00092,SYN-0007,train
REC-00093,SYN-0007,train
REC-00094,SYN-0007,train
REC-00095,SYN-0007,train
REC-00096,SYN-0008,train
REC-00097,SYN-0008,train
REC-00098,SYN-0008,train
REC-00099,SYN-0008,train
REC-00100,SYN-0008,train
REC-00101,SYN-0008,train
REC-00102,SYN-0008,train
REC-00103,SYN-0008,train
REC-00104,SYN-0008,train
REC-00105,SYN-0008,train
REC-00106,SYN-0008,train
REC-00107,SYN-0008,train
REC-00108,SYN-0009,test
REC-00109,SYN-0009,test
REC-00110,SYN-0009,test
REC-00111,SYN-0009,test
REC-00112,SYN-0009,test
REC-00113,SYN-0009,test
REC-00114,SYN-0009,test
REC-00115,SYN-0009,test
REC-00116,SYN-0009,test
REC-00117,SYN-0009,test
REC-00118,SYN-0009,test
REC-00119,SYN-0009,test
REC-00120,SYN-0010,test
REC-00121,SYN-0010,test
REC-00122,SYN-0010,test
REC-00123,SYN-0010,test
REC-00124,SYN-0010,test
REC-00125,SYN-0010,test
REC-00126,SYN-0010,test
REC-00127,SYN-0010,test
REC-00128,SYN-0010,test
REC-00129,SYN-0010,test
REC-00130,SYN-0010,test
REC-00131,SYN-0010,test
REC-00132,SYN-0011,train
REC-00133,SYN-0011,train
REC-00134,SYN-0011,train
REC-00135,SYN-0011,train
REC-00136,SYN-0011,train
REC-00137,SYN-0011,train
REC-00138,SYN-0011,train
REC-00139,SYN-0011,train
REC-00140,SYN-0011,train
REC-00141,SYN-0011,train
REC-00142,SYN-0011,train
REC-00143,SYN-0011,train
REC-00144,SYN-0012,train
REC-00145,SYN-0012,train
REC-00146,SYN-0012,train
REC-00147,SYN-0012,train
REC-00148,SYN-0012,train
REC-00149,SYN-0012,train
REC-00150,SYN-0012,train
REC-00151,SYN-0012,train
REC-00152,SYN-0012,train
REC-00153,SYN-0012,train
REC-00154,SYN-0012,train
REC-00155,SYN-0012,train
REC-00156,SYN-0013,validation
REC-00157,SYN-0013,validation
REC-00158,SYN-0013,validation
REC-00159,SYN-0013,validation
REC-00160,SYN-0013,validation
REC-00161,SYN-0013,validation
REC-00162,SYN-0013,validation
REC-00163,SYN-0013,validation
REC-00164,SYN-0013,validation
REC-00165,SYN-0013,validation
REC-00166,SYN-0013,validation
REC-00167,SYN-0013,validation
REC-00168,SYN-0014,validation
REC-00169,SYN-0014,validation
REC-00170,SYN-0014,validation
REC-00171,SYN-0014,validation
REC-00172,SYN-0014,validation
REC-00173,SYN-0014,validation
REC-00174,SYN-0014,validation
REC-00175,SYN-0014,validation
REC-00176,SYN-0014,validation
REC-00177,SYN-0014,validation
REC-00178,SYN-0014,validation
REC-00179,SYN-0014,validation
REC-00180,SYN-0015,test
REC-00181,SYN-0015,test
REC-00182,SYN-0015,test
REC-00183,SYN-0015,test
REC-00184,SYN-0015,test
REC-00185,SYN-0015,test
REC-00186,SYN-0015,test
REC-00187,SYN-0015,test
REC-00188,SYN-0015,test
REC-00189,SYN-0015,test
REC-00190,SYN-0015,test
REC-00191,SYN-0015,test
REC-00192,SYN-0016,test
REC-00193,SYN-0016,test
REC-00194,SYN-0016,test
REC-00195,SYN-0016,test
REC-00196,SYN-0016,test
REC-00197,SYN-0016,test
REC-00198,SYN-0016,test
REC-00199,SYN-0016,test
REC-00200,SYN-0016,test
REC-00201,SYN-0016,test
REC-00202,SYN-0016,test
REC-00203,SYN-0016,test
REC-00204,SYN-0017,validation
REC-00205,SYN-0017,validation
REC-00206,SYN-0017,validation
REC-00207,SYN-0017,validation
REC-00208,SYN-0017,validation
REC-00209,SYN-0017,validation
REC-00210,SYN-0017,validation
REC-00211,SYN-0017,validation
REC-00212,SYN-0017,validation
REC-00213,SYN-0017,validation
REC-00214,SYN-0017,validation
REC-00215,SYN-0017,validation
REC-00216,SYN-0018,test
REC-00217,SYN-0018,test
REC-00218,SYN-0018,test
REC-00219,SYN-0018,test
REC-00220,SYN-0018,test
REC-00221,SYN-0018,test
REC-00222,SYN-0018,test
REC-00223,SYN-0018,test
REC-00224,SYN-0018,test
REC-00225,SYN-0018,test
REC-00226,SYN-0018,test
REC-00227,SYN-0018,test
REC-00228,SYN-0019,test
REC-00229,SYN-0019,test
REC-00230,SYN-0019,test
REC-00231,SYN-0019,test
REC-00232,SYN-0019,test
REC-00233,SYN-0019,test
REC-00234,SYN-0019,test
REC-00235,SYN-0019,test
REC-00236,SYN-0019,test
REC-00237,SYN-0019,test
REC-00238,SYN-0019,test
REC-00239,SYN-0019,test
REC-00240,SYN-0020,train
REC-00241,SYN-0020,train
REC-00242,SYN-0020,train
REC-00243,SYN-0020,train
REC-00244,SYN-0020,train
REC-00245,SYN-0020,train
REC-00246,SYN-0020,train
REC-00247,SYN-0020,train
REC-00248,SYN-0020,train
REC-00249,SYN-0020,train
REC-00250,SYN-0020,train
REC-00251,SYN-0020,train
REC-00252,SYN-0021,train
REC-00253,SYN-0021,train
REC-00254,SYN-0021,train
REC-00255,SYN-0021,train
REC-00256,SYN-0021,train
REC-00257,SYN-0021,train
REC-00258,SYN-0021,train
REC-00259,SYN-0021,train
REC-00260,SYN-0021,train
REC-00261,SYN-0021,train
REC-00262,SYN-0021,train
REC-00263,SYN-0021,train
REC-00264,SYN-0022,train
REC-00265,SYN-0022,train
REC-00266,SYN-0022,train
REC-00267,SYN-0022,train
REC-00268,SYN-0022,train
REC-00269,SYN-0022,train
REC-00270,SYN-0022,train
REC-00271,SYN-0022,train
REC-00272,SYN-0022,train
REC-00273,SYN-0022,train
REC-00274,SYN-0022,train
REC-00275,SYN-0022,train
REC-00276,SYN-0023,train
REC-00277,SYN-0023,train
REC-00278,SYN-0023,train
REC-00279,SYN-0023,train
REC-00280,SYN-0023,train
REC-00281,SYN-0023,train
REC-00282,SYN-0023,train
REC-00283,SYN-0023,train
REC-00284,SYN-0023,train
REC-00285,SYN-0023,train
REC-00286,SYN-0023,train
REC-00287,SYN-0023,train
REC-00288,SYN-0024,test
REC-00289,SYN-0024,test
REC-00290,SYN-0024,test
REC-00291,SYN-0024,test
REC-00292,SYN-0024,test
REC-00293,SYN-0024,test
REC-00294,SYN-0024,test
REC-00295,SYN-0024,test
REC-00296,SYN-0024,test
REC-00297,SYN-0024,test
REC-00298,SYN-0024,test
REC-00299,SYN-0024,test
REC-00300,SYN-0025,test
REC-00301,SYN-0025,test
REC-00302,SYN-0025,test
REC-00303,SYN-0025,test
REC-00304,SYN-0025,test
REC-00305,SYN-0025,test
REC-00306,SYN-0025,test
REC-00307,SYN-0025,test
REC-00308,SYN-0025,test
REC-00309,SYN-0025,test
REC-00310,SYN-0025,test
REC-00311,SYN-0025,test
REC-00312,SYN-0026,validation
REC-00313,SYN-0026,validation
REC-00314,SYN-0026,validation
REC-00315,SYN-0026,validation
REC-00316,SYN-0026,validation
REC-00317,SYN-0026,validation
REC-00318,SYN-0026,validation
REC-00319,SYN-0026,validation
REC-00320,SYN-0026,validation
REC-00321,SYN-0026,validation
REC-00322,SYN-0026,validation
REC-00323,SYN-0026,validation
REC-00324,SYN-0027,train
REC-00325,SYN-0027,train
REC-00326,SYN-0027,train
REC-00327,SYN-0027,train
REC-00328,SYN-0027,train
REC-00329,SYN-0027,train
REC-00330,SYN-0027,train
REC-00331,SYN-0027,train
REC-00332,SYN-0027,train
REC-00333,SYN-0027,train
REC-00334,SYN-0027,train
REC-00335,SYN-0027,train
REC-00336,SYN-0028,validation
REC-00337,SYN-0028,validation
REC-00338,SYN-0028,validation
REC-00339,SYN-0028,validation
REC-00340,SYN-0028,validation
REC-00341,SYN-0028,validation
REC-00342,SYN-0028,validation
REC-00343,SYN-0028,validation
REC-00344,SYN-0028,validation
REC-00345,SYN-0028,validation
REC-00346,SYN-0028,validation
REC-00347,SYN-0028,validation
REC-00348,SYN-0029,train
REC-00349,SYN-0029,train
REC-00350,SYN-0029,train
REC-00351,SYN-0029,train
REC-00352,SYN-0029,train
REC-00353,SYN-0029,train
REC-00354,SYN-0029,train
REC-00355,SYN-0029,train
REC-00356,SYN-0029,train
REC-00357,SYN-0029,train
REC-00358,SYN-0029,train
REC-00359,SYN-0029,train
REC-00360,SYN-0030,test
REC-00361,SYN-0030,test
REC-00362,SYN-0030,test
REC-00363,SYN-0030,test
REC-00364,SYN-0030,test
REC-00365,SYN-0030,test
REC-00366,SYN-0030,test
REC-00367,SYN-0030,test
REC-00368,SYN-0030,test
REC-00369,SYN-0030,test
REC-00370,SYN-0030,test
REC-00371,SYN-0030,test
REC-00372,SYN-0031,train
REC-00373,SYN-0031,train
REC-00374,SYN-0031,train
REC-00375,SYN-0031,train
REC-00376,SYN-0031,train
REC-00377,SYN-0031,train
REC-00378,SYN-0031,train
REC-00379,SYN-0031,train
REC-00380,SYN-0031,train
REC-00381,SYN-0031,train
REC-00382,SYN-0031,train
REC-00383,SYN-0031,train
REC-00384,SYN-0032,train
REC-00385,SYN-0032,train
REC-00386,SYN-0032,train
REC-00387,SYN-0032,train
REC-00388,SYN-0032,train
REC-00389,SYN-0032,train
REC-00390,SYN-0032,train
REC-00391,SYN-0032,train
REC-00392,SYN-0032,train
REC-00393,SYN-0032,train
REC-00394,SYN-0032,train
REC-00395,SYN-0032,train
REC-00396,SYN-0033,test
REC-00397,SYN-0033,test
REC-00398,SYN-0033,test
REC-00399,SYN-0033,test
REC-00400,SYN-0033,test
REC-00401,SYN-0033,test
REC-00402,SYN-0033,test
REC-00403,SYN-0033,test
REC-00404,SYN-0033,test
REC-00405,SYN-0033,test
REC-00406,SYN-0033,test
REC-00407,SYN-0033,test
REC-00408,SYN-0034,train
REC-00409,SYN-0034,train
REC-00410,SYN-0034,train
REC-00411,SYN-0034,train
REC-00412,SYN-0034,train
REC-00413,SYN-0034,train
REC-00414,SYN-0034,train
REC-00415,SYN-0034,train
REC-00416,SYN-0034,train
REC-00417,SYN-0034,train
REC-00418,SYN-0034,train
REC-00419,SYN-0034,train
REC-00420,SYN-0035,train
REC-00421,SYN-0035,train
REC-00422,SYN-0035,train
REC-00423,SYN-0035,train
REC-00424,SYN-0035,train
REC-00425,SYN-0035,train
REC-00426,SYN-0035,train
REC-00427,SYN-0035,train
REC-00428,SYN-0035,train
REC-00429,SYN-0035,train
REC-00430,SYN-0035,train
REC-00431,SYN-0035,train
REC-00432,SYN-0036,train
REC-00433,SYN-0036,train
REC-00434,SYN-0036,train
REC-00435,SYN-0036,train
REC-00436,SYN-0036,train
REC-00437,SYN-0036,train
REC-00438,SYN-0036,train
REC-00439,SYN-0036,train
REC-00440,SYN-0036,train
REC-00441,SYN-0036,train
REC-00442,SYN-0036,train
REC-00443,SYN-0036,train
REC-00444,SYN-0037,train
REC-00445,SYN-0037,train
REC-00446,SYN-0037,train
REC-00447,SYN-0037,train
REC-00448,SYN-0037,train
REC-00449,SYN-0037,train
REC-00450,SYN-0037,train
REC-00451,SYN-0037,train
REC-00452,SYN-0037,train
REC-00453,SYN-0037,train
REC-00454,SYN-0037,train
REC-00455,SYN-0037,train
REC-00456,SYN-0038,test
REC-00457,SYN-0038,test
REC-00458,SYN-0038,test
REC-00459,SYN-0038,test
REC-00460,SYN-0038,test
REC-00461,SYN-0038,test
REC-00462,SYN-0038,test
REC-00463,SYN-0038,test
REC-00464,SYN-0038,test
REC-00465,SYN-0038,test
REC-00466,SYN-0038,test
REC-00467,SYN-0038,test
REC-00468,SYN-0039,train
REC-00469,SYN-0039,train
REC-00470,SYN-0039,train
REC-00471,SYN-0039,train
REC-00472,SYN-0039,train
REC-00473,SYN-0039,train
REC-00474,SYN-0039,train
REC-00475,SYN-0039,train
REC-00476,SYN-0039,train
REC-00477,SYN-0039,train
REC-00478,SYN-0039,train
REC-00479,SYN-0039,train
REC-00480,SYN-0040,train
REC-00481,SYN-0040,train
REC-00482,SYN-0040,train
REC-00483,SYN-0040,train
REC-00484,SYN-0040,train
REC-00485,SYN-0040,train
REC-00486,SYN-0040,train
REC-00487,SYN-0040,train
REC-00488,SYN-0040,train
REC-00489,SYN-0040,train
REC-00490,SYN-0040,train
REC-00491,SYN-0040,train
REC-00492,SYN-0041,validation
REC-00493,SYN-0041,validation
REC-00494,SYN-0041,validation
REC-00495,SYN-0041,validation
REC-00496,SYN-0041,validation
REC-00497,SYN-0041,validation
REC-00498,SYN-0041,validation
REC-00499,SYN-0041,validation
REC-00500,SYN-0041,validation
REC-00501,SYN-0041,validation
REC-00502,SYN-0041,validation
REC-00503,SYN-0041,validation
REC-00504,SYN-0042,train
REC-00505,SYN-0042,train
REC-00506,SYN-0042,train
REC-00507,SYN-0042,train
REC-00508,SYN-0042,train
REC-00509,SYN-0042,train
REC-00510,SYN-0042,train
REC-00511,SYN-0042,train
REC-00512,SYN-0042,train
REC-00513,SYN-0042,train
REC-00514,SYN-0042,train
REC-00515,SYN-0042,train
REC-00516,SYN-0043,train
REC-00517,SYN-0043,train
REC-00518,SYN-0043,train
REC-00519,SYN-0043,train
REC-00520,SYN-0043,train
REC-00521,SYN-0043,train
REC-00522,SYN-0043,train
REC-00523,SYN-0043,train
REC-00524,SYN-0043,train
REC-00525,SYN-0043,train
REC-00526,SYN-0043,train
REC-00527,SYN-0043,train
REC-00528,SYN-0044,train
REC-00529,SYN-0044,train
REC-00530,SYN-0044,train
REC-00531,SYN-0044,train
REC-00532,SYN-0044,train
REC-00533,SYN-0044,train
REC-00534,SYN-0044,train
REC-00535,SYN-0044,train
REC-00536,SYN-0044,train
REC-00537,SYN-0044,train
REC-00538,SYN-0044,train
REC-00539,SYN-0044,train
REC-00540,SYN-0045,test
REC-00541,SYN-0045,test
REC-00542,SYN-0045,test
REC-00543,SYN-0045,test
REC-00544,SYN-0045,test
REC-00545,SYN-0045,test
REC-00546,SYN-0045,test
REC-00547,SYN-0045,test
REC-00548,SYN-0045,test
REC-00549,SYN-0045,test
REC-00550,SYN-0045,test
REC-00551,SYN-0045,test
REC-00552,SYN-0046,train
REC-00553,SYN-0046,train
REC-00554,SYN-0046,train
REC-00555,SYN-0046,train
REC-00556,SYN-0046,train
REC-00557,SYN-0046,train
REC-00558,SYN-0046,train
REC-00559,SYN-0046,train
REC-00560,SYN-0046,train
REC-00561,SYN-0046,train
REC-00562,SYN-0046,train
REC-00563,SYN-0046,train
REC-00564,SYN-0047,train
REC-00565,SYN-0047,train
REC-00566,SYN-0047,train
REC-00567,SYN-0047,train
REC-00568,SYN-0047,train
REC-00569,SYN-0047,train
REC-00570,SYN-0047,train
REC-00571,SYN-0047,train
REC-00572,SYN-0047,train
REC-00573,SYN-0047,train
REC-00574,SYN-0047,train
REC-00575,SYN-0047,train
REC-00576,SYN-0048,train
REC-00577,SYN-0048,train
REC-00578,SYN-0048,train
REC-00579,SYN-0048,train
REC-00580,SYN-0048,train
REC-00581,SYN-0048,train
REC-00582,SYN-0048,train
REC-00583,SYN-0048,train
REC-00584,SYN-0048,train
REC-00585,SYN-0048,train
REC-00586,SYN-0048,train
REC-00587,SYN-0048,train
REC-00588,SYN-0049,train
REC-00589,SYN-0049,train
REC-00590,SYN-0049,train
REC-00591,SYN-0049,train
REC-00592,SYN-0049,train
REC-00593,SYN-0049,train
REC-00594,SYN-0049,train
REC-00595,SYN-0049,train
REC-00596,SYN-0049,train
REC-00597,SYN-0049,train
REC-00598,SYN-0049,train
REC-00599,SYN-0049,train
REC-00600,SYN-0050,validation
REC-00601,SYN-0050,validation
REC-00602,SYN-0050,validation
REC-00603,SYN-0050,validation
REC-00604,SYN-0050,validation
REC-00605,SYN-0050,validation
REC-00606,SYN-0050,validation
REC-00607,SYN-0050,validation
REC-00608,SYN-0050,validation
REC-00609,SYN-0050,validation
REC-00610,SYN-0050,validation
REC-00611,SYN-0050,validation
REC-00612,SYN-0051,validation
REC-00613,SYN-0051,validation
REC-00614,SYN-0051,validation
REC-00615,SYN-0051,validation
REC-00616,SYN-0051,validation
REC-00617,SYN-0051,validation
REC-00618,SYN-0051,validation
REC-00619,SYN-0051,validation
REC-00620,SYN-0051,validation
REC-00621,SYN-0051,validation
REC-00622,SYN-0051,validation
REC-00623,SYN-0051,validation
REC-00624,SYN-0052,validation
REC-00625,SYN-0052,validation
REC-00626,SYN-0052,validation
REC-00627,SYN-0052,validation
REC-00628,SYN-0052,validation
REC-00629,SYN-0052,validation
REC-00630,SYN-0052,validation
REC-00631,SYN-0052,validation
REC-00632,SYN-0052,validation
REC-00633,SYN-0052,validation
REC-00634,SYN-0052,validation
REC-00635,SYN-0052,validation
REC-00636,SYN-0053,train
REC-00637,SYN-0053,train
REC-00638,SYN-0053,train
REC-00639,SYN-0053,train
REC-00640,SYN-0053,train
REC-00641,SYN-0053,train
REC-00642,SYN-0053,train
REC-00643,SYN-0053,train
REC-00644,SYN-0053,train
REC-00645,SYN-0053,train
REC-00646,SYN-0053,train
REC-00647,SYN-0053,train
REC-00648,SYN-0054,validation
REC-00649,SYN-0054,validation
REC-00650,SYN-0054,validation
REC-00651,SYN-0054,validation
REC-00652,SYN-0054,validation
REC-00653,SYN-0054,validation
REC-00654,SYN-0054,validation
REC-00655,SYN-0054,validation
REC-00656,SYN-0054,validation
REC-00657,SYN-0054,validation
REC-00658,SYN-0054,validation
REC-00659,SYN-0054,validation
REC-00660,SYN-0055,test
REC-00661,SYN-0055,test
REC-00662,SYN-0055,test
REC-00663,SYN-0055,test
REC-00664,SYN-0055,test
REC-00665,SYN-0055,test
REC-00666,SYN-0055,test
REC-00667,SYN-0055,test
REC-00668,SYN-0055,test
REC-00669,SYN-0055,test
REC-00670,SYN-0055,test
REC-00671,SYN-0055,test
REC-00672,SYN-0056,train
REC-00673,SYN-0056,train
REC-00674,SYN-0056,train
REC-00675,SYN-0056,train
REC-00676,SYN-0056,train
REC-00677,SYN-0056,train
REC-00678,SYN-0056,train
REC-00679,SYN-0056,train
REC-00680,SYN-0056,train
REC-00681,SYN-0056,train
REC-00682,SYN-0056,train
REC-00683,SYN-0056,train
REC-00684,SYN-0057,train
REC-00685,SYN-0057,train
REC-00686,SYN-0057,train
REC-00687,SYN-0057,train
REC-00688,SYN-0057,train
REC-00689,SYN-0057,train
REC-00690,SYN-0057,train
REC-00691,SYN-0057,train
REC-00692,SYN-0057,train
REC-00693,SYN-0057,train
REC-00694,SYN-0057,train
REC-00695,SYN-0057,train
REC-00696,SYN-0058,train
REC-00697,SYN-0058,train
REC-00698,SYN-0058,train
REC-00699,SYN-0058,train
REC-00700,SYN-0058,train
REC-00701,SYN-0058,train
REC-00702,SYN-0058,train
REC-00703,SYN-0058,train
REC-00704,SYN-0058,train
REC-00705,SYN-0058,train
REC-00706,SYN-0058,train
REC-00707,SYN-0058,train
REC-00708,SYN-0059,validation
REC-00709,SYN-0059,validation
REC-00710,SYN-0059,validation
REC-00711,SYN-0059,validation
REC-00712,SYN-0059,validation
REC-00713,SYN-0059,validation
REC-00714,SYN-0059,validation
REC-00715,SYN-0059,validation
REC-00716,SYN-0059,validation
REC-00717,SYN-0059,validation
REC-00718,SYN-0059,validation
REC-00719,SYN-0059,validation
REC-00720,SYN-0060,test
REC-00721,SYN-0060,test
REC-00722,SYN-0060,test
REC-00723,SYN-0060,test
REC-00724,SYN-0060,test
REC-00725,SYN-0060,test
REC-00726,SYN-0060,test
REC-00727,SYN-0060,test
REC-00728,SYN-0060,test
REC-00729,SYN-0060,test
REC-00730,SYN-0060,test
REC-00731,SYN-0060,test
REC-00732,SYN-0061,train
REC-00733,SYN-0061,train
REC-00734,SYN-0061,train
REC-00735,SYN-0061,train
REC-00736,SYN-0061,train
REC-00737,SYN-0061,train
REC-00738,SYN-0061,train
REC-00739,SYN-0061,train
REC-00740,SYN-0061,train
REC-00741,SYN-0061,train
REC-00742,SYN-0061,train
REC-00743,SYN-0061,train
REC-00744,SYN-0062,train
REC-00745,SYN-0062,train
REC-00746,SYN-0062,train
REC-00747,SYN-0062,train
REC-00748,SYN-0062,train
REC-00749,SYN-0062,train
REC-00750,SYN-0062,train
REC-00751,SYN-0062,train
REC-00752,SYN-0062,train
REC-00753,SYN-0062,train
REC-00754,SYN-0062,train
REC-00755,SYN-0062,train
REC-00756,SYN-0063,train
REC-00757,SYN-0063,train
REC-00758,SYN-0063,train
REC-00759,SYN-0063,train
REC-00760,SYN-0063,train
REC-00761,SYN-0063,train
REC-00762,SYN-0063,train
REC-00763,SYN-0063,train
REC-00764,SYN-0063,train
REC-00765,SYN-0063,train
REC-00766,SYN-0063,train
REC-00767,SYN-0063,train
REC-00768,SYN-0064,train
REC-00769,SYN-0064,train
REC-00770,SYN-0064,train
REC-00771,SYN-0064,train
REC-00772,SYN-0064,train
REC-00773,SYN-0064,train
REC-00774,SYN-0064,train
REC-00775,SYN-0064,train
REC-00776,SYN-0064,train
REC-00777,SYN-0064,train
REC-00778,SYN-0064,train
REC-00779,SYN-0064,train
REC-00780,SYN-0065,train
REC-00781,SYN-0065,train
REC-00782,SYN-0065,train
REC-00783,SYN-0065,train
REC-00784,SYN-0065,train
REC-00785,SYN-0065,train
REC-00786,SYN-0065,train
REC-00787,SYN-0065,train
REC-00788,SYN-0065,train
REC-00789,SYN-0065,train
REC-00790,SYN-0065,train
REC-00791,SYN-0065,train
REC-00792,SYN-0066,train
REC-00793,SYN-0066,train
REC-00794,SYN-0066,train
REC-00795,SYN-0066,train
REC-00796,SYN-0066,train
REC-00797,SYN-0066,train
REC-00798,SYN-0066,train
REC-00799,SYN-0066,train
REC-00800,SYN-0066,train
REC-00801,SYN-0066,train
REC-00802,SYN-0066,train
REC-00803,SYN-0066,train
REC-00804,SYN-0067,test
REC-00805,SYN-0067,test
REC-00806,SYN-0067,test
REC-00807,SYN-0067,test
REC-00808,SYN-0067,test
REC-00809,SYN-0067,test
REC-00810,SYN-0067,test
REC-00811,SYN-0067,test
REC-00812,SYN-0067,test
REC-00813,SYN-0067,test
REC-00814,SYN-0067,test
REC-00815,SYN-0067,test
REC-00816,SYN-0068,test
REC-00817,SYN-0068,test
REC-00818,SYN-0068,test
REC-00819,SYN-0068,test
REC-00820,SYN-0068,test
REC-00821,SYN-0068,test
REC-00822,SYN-0068,test
REC-00823,SYN-0068,test
REC-00824,SYN-0068,test
REC-00825,SYN-0068,test
REC-00826,SYN-0068,test
REC-00827,SYN-0068,test
REC-00828,SYN-0069,test
REC-00829,SYN-0069,test
REC-00830,SYN-0069,test
REC-00831,SYN-0069,test
REC-00832,SYN-0069,test
REC-00833,SYN-0069,test
REC-00834,SYN-0069,test
REC-00835,SYN-0069,test
REC-00836,SYN-0069,test
REC-00837,SYN-0069,test
REC-00838,SYN-0069,test
REC-00839,SYN-0069,test
REC-00840,SYN-0070,train
REC-00841,SYN-0070,train
REC-00842,SYN-0070,train
REC-00843,SYN-0070,train
REC-00844,SYN-0070,train
REC-00845,SYN-0070,train
REC-00846,SYN-0070,train
REC-00847,SYN-0070,train
REC-00848,SYN-0070,train
REC-00849,SYN-0070,train
REC-00850,SYN-0070,train
REC-00851,SYN-0070,train
REC-00852,SYN-0071,train
REC-00853,SYN-0071,train
REC-00854,SYN-0071,train
REC-00855,SYN-0071,train
REC-00856,SYN-0071,train
REC-00857,SYN-0071,train
REC-00858,SYN-0071,train
REC-00859,SYN-0071,train
REC-00860,SYN-0071,train
REC-00861,SYN-0071,train
REC-00862,SYN-0071,train
REC-00863,SYN-0071,train
REC-00864,SYN-0072,train
REC-00865,SYN-0072,train
REC-00866,SYN-0072,train
REC-00867,SYN-0072,train
REC-00868,SYN-0072,train
REC-00869,SYN-0072,train
REC-00870,SYN-0072,train
REC-00871,SYN-0072,train
REC-00872,SYN-0072,train
REC-00873,SYN-0072,train
REC-00874,SYN-0072,train
REC-00875,SYN-0072,train
REC-00876,SYN-0073,validation
REC-00877,SYN-0073,validation
REC-00878,SYN-0073,validation
REC-00879,SYN-0073,validation
REC-00880,SYN-0073,validation
REC-00881,SYN-0073,validation
REC-00882,SYN-0073,validation
REC-00883,SYN-0073,validation
REC-00884,SYN-0073,validation
REC-00885,SYN-0073,validation
REC-00886,SYN-0073,validation
REC-00887,SYN-0073,validation
REC-00888,SYN-0074,validation
REC-00889,SYN-0074,validation
REC-00890,SYN-0074,validation
REC-00891,SYN-0074,validation
REC-00892,SYN-0074,validation
REC-00893,SYN-0074,validation
REC-00894,SYN-0074,validation
REC-00895,SYN-0074,validation
REC-00896,SYN-0074,validation
REC-00897,SYN-0074,validation
REC-00898,SYN-0074,validation
REC-00899,SYN-0074,validation
REC-00900,SYN-0075,validation
REC-00901,SYN-0075,validation
REC-00902,SYN-0075,validation
REC-00903,SYN-0075,validation
REC-00904,SYN-0075,validation
REC-00905,SYN-0075,validation
REC-00906,SYN-0075,validation
REC-00907,SYN-0075,validation
REC-00908,SYN-0075,validation
REC-00909,SYN-0075,validation
REC-00910,SYN-0075,validation
REC-00911,SYN-0075,validation
REC-00912,SYN-0076,train
REC-00913,SYN-0076,train
REC-00914,SYN-0076,train
REC-00915,SYN-0076,train
REC-00916,SYN-0076,train
REC-00917,SYN-0076,train
REC-00918,SYN-0076,train
REC-00919,SYN-0076,train
REC-00920,SYN-0076,train
REC-00921,SYN-0076,train
REC-00922,SYN-0076,train
REC-00923,SYN-0076,train
REC-00924,SYN-0077,train
REC-00925,SYN-0077,train
REC-00926,SYN-0077,train
REC-00927,SYN-0077,train
REC-00928,SYN-0077,train
REC-00929,SYN-0077,train
REC-00930,SYN-0077,train
REC-00931,SYN-0077,train
REC-00932,SYN-0077,train
REC-00933,SYN-0077,train
REC-00934,SYN-0077,train
REC-00935,SYN-0077,train
REC-00936,SYN-0078,train
REC-00937,SYN-0078,train
REC-00938,SYN-0078,train
REC-00939,SYN-0078,train
REC-00940,SYN-0078,train
REC-00941,SYN-0078,train
REC-00942,SYN-0078,train
REC-00943,SYN-0078,train
REC-00944,SYN-0078,train
REC-00945,SYN-0078,train
REC-00946,SYN-0078,train
REC-00947,SYN-0078,train
REC-00948,SYN-0079,train
REC-00949,SYN-0079,train
REC-00950,SYN-0079,train
REC-00951,SYN-0079,train
REC-00952,SYN-0079,train
REC-00953,SYN-0079,train
REC-00954,SYN-0079,train
REC-00955,SYN-0079,train
REC-00956,SYN-0079,train
REC-00957,SYN-0079,train
REC-00958,SYN-0079,train
REC-00959,SYN-0079,train
REC-00960,SYN-0080,validation
REC-00961,SYN-0080,validation
REC-00962,SYN-0080,validation
REC-00963,SYN-0080,validation
REC-00964,SYN-0080,validation
REC-00965,SYN-0080,validation
REC-00966,SYN-0080,validation
REC-00967,SYN-0080,validation
REC-00968,SYN-0080,validation
REC-00969,SYN-0080,validation
REC-00970,SYN-0080,validation
REC-00971,SYN-0080,validation
REC-00972,SYN-0081,train
REC-00973,SYN-0081,train
REC-00974,SYN-0081,train
REC-00975,SYN-0081,train
REC-00976,SYN-0081,train
REC-00977,SYN-0081,train
REC-00978,SYN-0081,train
REC-00979,SYN-0081,train
REC-00980,SYN-0081,train
REC-00981,SYN-0081,train
REC-00982,SYN-0081,train
REC-00983,SYN-0081,train
REC-00984,SYN-0082,train
REC-00985,SYN-0082,train
REC-00986,SYN-0082,train
REC-00987,SYN-0082,train
REC-00988,SYN-0082,train
REC-00989,SYN-0082,train
REC-00990,SYN-0082,train
REC-00991,SYN-0082,train
REC-00992,SYN-0082,train
REC-00993,SYN-0082,train
REC-00994,SYN-0082,train
REC-00995,SYN-0082,train
REC-00996,SYN-0083,validation
REC-00997,SYN-0083,validation
REC-00998,SYN-0083,validation
REC-00999,SYN-0083,validation
REC-01000,SYN-0083,validation
REC-01001,SYN-0083,validation
REC-01002,SYN-0083,validation
REC-01003,SYN-0083,validation
REC-01004,SYN-0083,validation
REC-01005,SYN-0083,validation
REC-01006,SYN-0083,validation
REC-01007,SYN-0083,validation
REC-01008,SYN-0084,validation
REC-01009,SYN-0084,validation
REC-01010,SYN-0084,validation
REC-01011,SYN-0084,validation
REC-01012,SYN-0084,validation
REC-01013,SYN-0084,validation
REC-01014,SYN-0084,validation
REC-01015,SYN-0084,validation
REC-01016,SYN-0084,validation
REC-01017,SYN-0084,validation
REC-01018,SYN-0084,validation
REC-01019,SYN-0084,validation
REC-01020,SYN-0085,validation
REC-01021,SYN-0085,validation
REC-01022,SYN-0085,validation
REC-01023,SYN-0085,validation
REC-01024,SYN-0085,validation
REC-01025,SYN-0085,validation
REC-01026,SYN-0085,validation
REC-01027,SYN-0085,validation
REC-01028,SYN-0085,validation
REC-01029,SYN-0085,validation
REC-01030,SYN-0085,validation
REC-01031,SYN-0085,validation
REC-01032,SYN-0086,train
REC-01033,SYN-0086,train
REC-01034,SYN-0086,train
REC-01035,SYN-0086,train
REC-01036,SYN-0086,train
REC-01037,SYN-0086,train
REC-01038,SYN-0086,train
REC-01039,SYN-0086,train
REC-01040,SYN-0086,train
REC-01041,SYN-0086,train
REC-01042,SYN-0086,train
REC-01043,SYN-0086,train
REC-01044,SYN-0087,train
REC-01045,SYN-0087,train
REC-01046,SYN-0087,train
REC-01047,SYN-0087,train
REC-01048,SYN-0087,train
REC-01049,SYN-0087,train
REC-01050,SYN-0087,train
REC-01051,SYN-0087,train
REC-01052,SYN-0087,train
REC-01053,SYN-0087,train
REC-01054,SYN-0087,train
REC-01055,SYN-0087,train
REC-01056,SYN-0088,train
REC-01057,SYN-0088,train
REC-01058,SYN-0088,train
REC-01059,SYN-0088,train
REC-01060,SYN-0088,train
REC-01061,SYN-0088,train
REC-01062,SYN-0088,train
REC-01063,SYN-0088,train
REC-01064,SYN-0088,train
REC-01065,SYN-0088,train
REC-01066,SYN-0088,train
REC-01067,SYN-0088,train
REC-01068,SYN-0089,train
REC-01069,SYN-0089,train
REC-01070,SYN-0089,train
REC-01071,SYN-0089,train
REC-01072,SYN-0089,train
REC-01073,SYN-0089,train
REC-01074,SYN-0089,train
REC-01075,SYN-0089,train
REC-01076,SYN-0089,train
REC-01077,SYN-0089,train
REC-01078,SYN-0089,train
REC-01079,SYN-0089,train
REC-01080,SYN-0090,train
REC-01081,SYN-0090,train
REC-01082,SYN-0090,train
REC-01083,SYN-0090,train
REC-01084,SYN-0090,train
REC-01085,SYN-0090,train
REC-01086,SYN-0090,train
REC-01087,SYN-0090,train
REC-01088,SYN-0090,train
REC-01089,SYN-0090,train
REC-01090,SYN-0090,train
REC-01091,SYN-0090,train
REC-01092,SYN-0091,train
REC-01093,SYN-0091,train
REC-01094,SYN-0091,train
REC-01095,SYN-0091,train
REC-01096,SYN-0091,train
REC-01097,SYN-0091,train
REC-01098,SYN-0091,train
REC-01099,SYN-0091,train
REC-01100,SYN-0091,train
REC-01101,SYN-0091,train
REC-01102,SYN-0091,train
REC-01103,SYN-0091,train
REC-01104,SYN-0092,train
REC-01105,SYN-0092,train
REC-01106,SYN-0092,train
REC-01107,SYN-0092,train
REC-01108,SYN-0092,train
REC-01109,SYN-0092,train
REC-01110,SYN-0092,train
REC-01111,SYN-0092,train
REC-01112,SYN-0092,train
REC-01113,SYN-0092,train
REC-01114,SYN-0092,train
REC-01115,SYN-0092,train
REC-01116,SYN-0093,train
REC-01117,SYN-0093,train
REC-01118,SYN-0093,train
REC-01119,SYN-0093,train
REC-01120,SYN-0093,train
REC-01121,SYN-0093,train
REC-01122,SYN-0093,train
REC-01123,SYN-0093,train
REC-01124,SYN-0093,train
REC-01125,SYN-0093,train
REC-01126,SYN-0093,train
REC-01127,SYN-0093,train
REC-01128,SYN-0094,train
REC-01129,SYN-0094,train
REC-01130,SYN-0094,train
REC-01131,SYN-0094,train
REC-01132,SYN-0094,train
REC-01133,SYN-0094,train
REC-01134,SYN-0094,train
REC-01135,SYN-0094,train
REC-01136,SYN-0094,train
REC-01137,SYN-0094,train
REC-01138,SYN-0094,train
REC-01139,SYN-0094,train
REC-01140,SYN-0095,validation
REC-01141,SYN-0095,validation
REC-01142,SYN-0095,validation
REC-01143,SYN-0095,validation
REC-01144,SYN-0095,validation
REC-01145,SYN-0095,validation
REC-01146,SYN-0095,validation
REC-01147,SYN-0095,validation
REC-01148,SYN-0095,validation
REC-01149,SYN-0095,validation
REC-01150,SYN-0095,validation
REC-01151,SYN-0095,validation
REC-01152,SYN-0096,test
REC-01153,SYN-0096,test
REC-01154,SYN-0096,test
REC-01155,SYN-0096,test
REC-01156,SYN-0096,test
REC-01157,SYN-0096,test
REC-01158,SYN-0096,test
REC-01159,SYN-0096,test
REC-01160,SYN-0096,test
REC-01161,SYN-0096,test
REC-01162,SYN-0096,test
REC-01163,SYN-0096,test
REC-01164,SYN-0097,test
REC-01165,SYN-0097,test
REC-01166,SYN-0097,test
REC-01167,SYN-0097,test
REC-01168,SYN-0097,test
REC-01169,SYN-0097,test
REC-01170,SYN-0097,test
REC-01171,SYN-0097,test
REC-01172,SYN-0097,test
REC-01173,SYN-0097,test
REC-01174,SYN-0097,test
REC-01175,SYN-0097,test
REC-01176,SYN-0098,train
REC-01177,SYN-0098,train
REC-01178,SYN-0098,train
REC-01179,SYN-0098,train
REC-01180,SYN-0098,train
REC-01181,SYN-0098,train
REC-01182,SYN-0098,train
REC-01183,SYN-0098,train
REC-01184,SYN-0098,train
REC-01185,SYN-0098,train
REC-01186,SYN-0098,train
REC-01187,SYN-0098,train
REC-01188,SYN-0099,validation
REC-01189,SYN-0099,validation
REC-01190,SYN-0099,validation
REC-01191,SYN-0099,validation
REC-01192,SYN-0099,validation
REC-01193,SYN-0099,validation
REC-01194,SYN-0099,validation
REC-01195,SYN-0099,validation
REC-01196,SYN-0099,validation
REC-01197,SYN-0099,validation
REC-01198,SYN-0099,validation
REC-01199,SYN-0099,validation
REC-01200,SYN-0100,validation
REC-01201,SYN-0100,validation
REC-01202,SYN-0100,validation
REC-01203,SYN-0100,validation
REC-01204,SYN-0100,validation
REC-01205,SYN-0100,validation
REC-01206,SYN-0100,validation
REC-01207,SYN-0100,validation
REC-01208,SYN-0100,validation
REC-01209,SYN-0100,validation
REC-01210,SYN-0100,validation
REC-01211,SYN-0100,validation
REC-01212,SYN-0101,train
REC-01213,SYN-0101,train
REC-01214,SYN-0101,train
REC-01215,SYN-0101,train
REC-01216,SYN-0101,train
REC-01217,SYN-0101,train
REC-01218,SYN-0101,train
REC-01219,SYN-0101,train
REC-01220,SYN-0101,train
REC-01221,SYN-0101,train
REC-01222,SYN-0101,train
REC-01223,SYN-0101,train
REC-01224,SYN-0102,validation
REC-01225,SYN-0102,validation
REC-01226,SYN-0102,validation
REC-01227,SYN-0102,validation
REC-01228,SYN-0102,validation
REC-01229,SYN-0102,validation
REC-01230,SYN-0102,validation
REC-01231,SYN-0102,validation
REC-01232,SYN-0102,validation
REC-01233,SYN-0102,validation
REC-01234,SYN-0102,validation
REC-01235,SYN-0102,validation
REC-01236,SYN-0103,train
REC-01237,SYN-0103,train
REC-01238,SYN-0103,train
REC-01239,SYN-0103,train
REC-01240,SYN-0103,train
REC-01241,SYN-0103,train
REC-01242,SYN-0103,train
REC-01243,SYN-0103,train
REC-01244,SYN-0103,train
REC-01245,SYN-0103,train
REC-01246,SYN-0103,train
REC-01247,SYN-0103,train
REC-01248,SYN-0104,test
REC-01249,SYN-0104,test
REC-01250,SYN-0104,test
REC-01251,SYN-0104,test
REC-01252,SYN-0104,test
REC-01253,SYN-0104,test
REC-01254,SYN-0104,test
REC-01255,SYN-0104,test
REC-01256,SYN-0104,test
REC-01257,SYN-0104,test
REC-01258,SYN-0104,test
REC-01259,SYN-0104,test
REC-01260,SYN-0105,train
REC-01261,SYN-0105,train
REC-01262,SYN-0105,train
REC-01263,SYN-0105,train
REC-01264,SYN-0105,train
REC-01265,SYN-0105,train
REC-01266,SYN-0105,train
REC-01267,SYN-0105,train
REC-01268,SYN-0105,train
REC-01269,SYN-0105,train
REC-01270,SYN-0105,train
REC-01271,SYN-0105,train
REC-01272,SYN-0106,train
REC-01273,SYN-0106,train
REC-01274,SYN-0106,train
REC-01275,SYN-0106,train
REC-01276,SYN-0106,train
REC-01277,SYN-0106,train
REC-01278,SYN-0106,train
REC-01279,SYN-0106,train
REC-01280,SYN-0106,train
REC-01281,SYN-0106,train
REC-01282,SYN-0106,train
REC-01283,SYN-0106,train
REC-01284,SYN-0107,train
REC-01285,SYN-0107,train
REC-01286,SYN-0107,train
REC-01287,SYN-0107,train
REC-01288,SYN-0107,train
REC-01289,SYN-0107,train
REC-01290,SYN-0107,train
REC-01291,SYN-0107,train
REC-01292,SYN-0107,train
REC-01293,SYN-0107,train
REC-01294,SYN-0107,train
REC-01295,SYN-0107,train
REC-01296,SYN-0108,test
REC-01297,SYN-0108,test
REC-01298,SYN-0108,test
REC-01299,SYN-0108,test
REC-01300,SYN-0108,test
REC-01301,SYN-0108,test
REC-01302,SYN-0108,test
REC-01303,SYN-0108,test
REC-01304,SYN-0108,test
REC-01305,SYN-0108,test
REC-01306,SYN-0108,test
REC-01307,SYN-0108,test
REC-01308,SYN-0109,train
REC-01309,SYN-0109,train
REC-01310,SYN-0109,train
REC-01311,SYN-0109,train
REC-01312,SYN-0109,train
REC-01313,SYN-0109,train
REC-01314,SYN-0109,train
REC-01315,SYN-0109,train
REC-01316,SYN-0109,train
REC-01317,SYN-0109,train
REC-01318,SYN-0109,train
REC-01319,SYN-0109,train
REC-01320,SYN-0110,train
REC-01321,SYN-0110,train
REC-01322,SYN-0110,train
REC-01323,SYN-0110,train
REC-01324,SYN-0110,train
REC-01325,SYN-0110,train
REC-01326,SYN-0110,train
REC-01327,SYN-0110,train
REC-01328,SYN-0110,train
REC-01329,SYN-0110,train
REC-01330,SYN-0110,train
REC-01331,SYN-0110,train
REC-01332,SYN-0111,test
REC-01333,SYN-0111,test
REC-01334,SYN-0111,test
REC-01335,SYN-0111,test
REC-01336,SYN-0111,test
REC-01337,SYN-0111,test
REC-01338,SYN-0111,test
REC-01339,SYN-0111,test
REC-01340,SYN-0111,test
REC-01341,SYN-0111,test
REC-01342,SYN-0111,test
REC-01343,SYN-0111,test
REC-01344,SYN-0112,test
REC-01345,SYN-0112,test
REC-01346,SYN-0112,test
REC-01347,SYN-0112,test
REC-01348,SYN-0112,test
REC-01349,SYN-0112,test
REC-01350,SYN-0112,test
REC-01351,SYN-0112,test
REC-01352,SYN-0112,test
REC-01353,SYN-0112,test
REC-01354,SYN-0112,test
REC-01355,SYN-0112,test
REC-01356,SYN-0113,train
REC-01357,SYN-0113,train
REC-01358,SYN-0113,train
REC-01359,SYN-0113,train
REC-01360,SYN-0113,train
REC-01361,SYN-0113,train
REC-01362,SYN-0113,train
REC-01363,SYN-0113,train
REC-01364,SYN-0113,train
REC-01365,SYN-0113,train
REC-01366,SYN-0113,train
REC-01367,SYN-0113,train
REC-01368,SYN-0114,test
REC-01369,SYN-0114,test
REC-01370,SYN-0114,test
REC-01371,SYN-0114,test
REC-01372,SYN-0114,test
REC-01373,SYN-0114,test
REC-01374,SYN-0114,test
REC-01375,SYN-0114,test
REC-01376,SYN-0114,test
REC-01377,SYN-0114,test
REC-01378,SYN-0114,test
REC-01379,SYN-0114,test
REC-01380,SYN-0115,train
REC-01381,SYN-0115,train
REC-01382,SYN-0115,train
REC-01383,SYN-0115,train
REC-01384,SYN-0115,train
REC-01385,SYN-0115,train
REC-01386,SYN-0115,train
REC-01387,SYN-0115,train
REC-01388,SYN-0115,train
REC-01389,SYN-0115,train
REC-01390,SYN-0115,train
REC-01391,SYN-0115,train
REC-01392,SYN-0116,train
REC-01393,SYN-0116,train
REC-01394,SYN-0116,train
REC-01395,SYN-0116,train
REC-01396,SYN-0116,train
REC-01397,SYN-0116,train
REC-01398,SYN-0116,train
REC-01399,SYN-0116,train
REC-01400,SYN-0116,train
REC-01401,SYN-0116,train
REC-01402,SYN-0116,train
REC-01403,SYN-0116,train
REC-01404,SYN-0117,validation
REC-01405,SYN-0117,validation
REC-01406,SYN-0117,validation
REC-01407,SYN-0117,validation
REC-01408,SYN-0117,validation
REC-01409,SYN-0117,validation
REC-01410,SYN-0117,validation
REC-01411,SYN-0117,validation
REC-01412,SYN-0117,validation
REC-01413,SYN-0117,validation
REC-01414,SYN-0117,validation
REC-01415,SYN-0117,validation
REC-01416,SYN-0118,test
REC-01417,SYN-0118,test
REC-01418,SYN-0118,test
REC-01419,SYN-0118,test
REC-01420,SYN-0118,test
REC-01421,SYN-0118,test
REC-01422,SYN-0118,test
REC-01423,SYN-0118,test
REC-01424,SYN-0118,test
REC-01425,SYN-0118,test
REC-01426,SYN-0118,test
REC-01427,SYN-0118,test
REC-01428,SYN-0119,validation
REC-01429,SYN-0119,validation
REC-01430,SYN-0119,validation
REC-01431,SYN-0119,validation
REC-01432,SYN-0119,validation
REC-01433,SYN-0119,validation
REC-01434,SYN-0119,validation
REC-01435,SYN-0119,validation
REC-01436,SYN-0119,validation
REC-01437,SYN-0119,validation
REC-01438,SYN-0119,validation
REC-01439,SYN-0119,validation
REC-01440,SYN-0120,test
REC-01441,SYN-0120,test
REC-01442,SYN-0120,test
REC-01443,SYN-0120,test
REC-01444,SYN-0120,test
REC-01445,SYN-0120,test
REC-01446,SYN-0120,test
REC-01447,SYN-0120,test
REC-01448,SYN-0120,test
REC-01449,SYN-0120,test
REC-01450,SYN-0120,test
REC-01451,SYN-0120,test
REC-01452,SYN-0121,train
REC-01453,SYN-0121,train
REC-01454,SYN-0121,train
REC-01455,SYN-0121,train
REC-01456,SYN-0121,train
REC-01457,SYN-0121,train
REC-01458,SYN-0121,train
REC-01459,SYN-0121,train
REC-01460,SYN-0121,train
REC-01461,SYN-0121,train
REC-01462,SYN-0121,train
REC-01463,SYN-0121,train
REC-01464,SYN-0122,validation
REC-01465,SYN-0122,validation
REC-01466,SYN-0122,validation
REC-01467,SYN-0122,validation
REC-01468,SYN-0122,validation
REC-01469,SYN-0122,validation
REC-01470,SYN-0122,validation
REC-01471,SYN-0122,validation
REC-01472,SYN-0122,validation
REC-01473,SYN-0122,validation
REC-01474,SYN-0122,validation
REC-01475,SYN-0122,validation
REC-01476,SYN-0123,train
REC-01477,SYN-0123,train
REC-01478,SYN-0123,train
REC-01479,SYN-0123,train
REC-01480,SYN-0123,train
REC-01481,SYN-0123,train
REC-01482,SYN-0123,train
REC-01483,SYN-0123,train
REC-01484,SYN-0123,train
REC-01485,SYN-0123,train
REC-01486,SYN-0123,train
REC-01487,SYN-0123,train
REC-01488,SYN-0124,train
REC-01489,SYN-0124,train
REC-01490,SYN-0124,train
REC-01491,SYN-0124,train
REC-01492,SYN-0124,train
REC-01493,SYN-0124,train
REC-01494,SYN-0124,train
REC-01495,SYN-0124,train
REC-01496,SYN-0124,train
REC-01497,SYN-0124,train
REC-01498,SYN-0124,train
REC-01499,SYN-0124,train
REC-01500,SYN-0125,train
REC-01501,SYN-0125,train
REC-01502,SYN-0125,train
REC-01503,SYN-0125,train
REC-01504,SYN-0125,train
REC-01505,SYN-0125,train
REC-01506,SYN-0125,train
REC-01507,SYN-0125,train
REC-01508,SYN-0125,train
REC-01509,SYN-0125,train
REC-01510,SYN-0125,train
REC-01511,SYN-0125,train
REC-01512,SYN-0126,train
REC-01513,SYN-0126,train
REC-01514,SYN-0126,train
REC-01515,SYN-0126,train
REC-01516,SYN-0126,train
REC-01517,SYN-0126,train
REC-01518,SYN-0126,train
REC-01519,SYN-0126,train
REC-01520,SYN-0126,train
REC-01521,SYN-0126,train
REC-01522,SYN-0126,train
REC-01523,SYN-0126,train
REC-01524,SYN-0127,train
REC-01525,SYN-0127,train
REC-01526,SYN-0127,train
REC-01527,SYN-0127,train
REC-01528,SYN-0127,train
REC-01529,SYN-0127,train
REC-01530,SYN-0127,train
REC-01531,SYN-0127,train
REC-01532,SYN-0127,train
REC-01533,SYN-0127,train
REC-01534,SYN-0127,train
REC-01535,SYN-0127,train
REC-01536,SYN-0128,train
REC-01537,SYN-0128,train
REC-01538,SYN-0128,train
REC-01539,SYN-0128,train
REC-01540,SYN-0128,train
REC-01541,SYN-0128,train
REC-01542,SYN-0128,train
REC-01543,SYN-0128,train
REC-01544,SYN-0128,train
REC-01545,SYN-0128,train
REC-01546,SYN-0128,train
REC-01547,SYN-0128,train
REC-01548,SYN-0129,train
REC-01549,SYN-0129,train
REC-01550,SYN-0129,train
REC-01551,SYN-0129,train
REC-01552,SYN-0129,train
REC-01553,SYN-0129,train
REC-01554,SYN-0129,train
REC-01555,SYN-0129,train
REC-01556,SYN-0129,train
REC-01557,SYN-0129,train
REC-01558,SYN-0129,train
REC-01559,SYN-0129,train
REC-01560,SYN-0130,train
REC-01561,SYN-0130,train
REC-01562,SYN-0130,train
REC-01563,SYN-0130,train
REC-01564,SYN-0130,train
REC-01565,SYN-0130,train
REC-01566,SYN-0130,train
REC-01567,SYN-0130,train
REC-01568,SYN-0130,train
REC-01569,SYN-0130,train
REC-01570,SYN-0130,train
REC-01571,SYN-0130,train
REC-01572,SYN-0131,train
REC-01573,SYN-0131,train
REC-01574,SYN-0131,train
REC-01575,SYN-0131,train
REC-01576,SYN-0131,train
REC-01577,SYN-0131,train
REC-01578,SYN-0131,train
REC-01579,SYN-0131,train
REC-01580,SYN-0131,train
REC-01581,SYN-0131,train
REC-01582,SYN-0131,train
REC-01583,SYN-0131,train
REC-01584,SYN-0132,train
REC-01585,SYN-0132,train
REC-01586,SYN-0132,train
REC-01587,SYN-0132,train
REC-01588,SYN-0132,train
REC-01589,SYN-0132,train
REC-01590,SYN-0132,train
REC-01591,SYN-0132,train
REC-01592,SYN-0132,train
REC-01593,SYN-0132,train
REC-01594,SYN-0132,train
REC-01595,SYN-0132,train
REC-01596,SYN-0133,train
REC-01597,SYN-0133,train
REC-01598,SYN-0133,train
REC-01599,SYN-0133,train
REC-01600,SYN-0133,train
REC-01601,SYN-0133,train
REC-01602,SYN-0133,train
REC-01603,SYN-0133,train
REC-01604,SYN-0133,train
REC-01605,SYN-0133,train
REC-01606,SYN-0133,train
REC-01607,SYN-0133,train
REC-01608,SYN-0134,train
REC-01609,SYN-0134,train
REC-01610,SYN-0134,train
REC-01611,SYN-0134,train
REC-01612,SYN-0134,train
REC-01613,SYN-0134,train
REC-01614,SYN-0134,train
REC-01615,SYN-0134,train
REC-01616,SYN-0134,train
REC-01617,SYN-0134,train
REC-01618,SYN-0134,train
REC-01619,SYN-0134,train
REC-01620,SYN-0135,train
REC-01621,SYN-0135,train
REC-01622,SYN-0135,train
REC-01623,SYN-0135,train
REC-01624,SYN-0135,train
REC-01625,SYN-0135,train
REC-01626,SYN-0135,train
REC-01627,SYN-0135,train
REC-01628,SYN-0135,train
REC-01629,SYN-0135,train
REC-01630,SYN-0135,train
REC-01631,SYN-0135,train
REC-01632,SYN-0136,train
REC-01633,SYN-0136,train
REC-01634,SYN-0136,train
REC-01635,SYN-0136,train
REC-01636,SYN-0136,train
REC-01637,SYN-0136,train
REC-01638,SYN-0136,train
REC-01639,SYN-0136,train
REC-01640,SYN-0136,train
REC-01641,SYN-0136,train
REC-01642,SYN-0136,train
REC-01643,SYN-0136,train
REC-01644,SYN-0137,train
REC-01645,SYN-0137,train
REC-01646,SYN-0137,train
REC-01647,SYN-0137,train
REC-01648,SYN-0137,train
REC-01649,SYN-0137,train
REC-01650,SYN-0137,train
REC-01651,SYN-0137,train
REC-01652,SYN-0137,train
REC-01653,SYN-0137,train
REC-01654,SYN-0137,train
REC-01655,SYN-0137,train
REC-01656,SYN-0138,train
REC-01657,SYN-0138,train
REC-01658,SYN-0138,train
REC-01659,SYN-0138,train
REC-01660,SYN-0138,train
REC-01661,SYN-0138,train
REC-01662,SYN-0138,train
REC-01663,SYN-0138,train
REC-01664,SYN-0138,train
REC-01665,SYN-0138,train
REC-01666,SYN-0138,train
REC-01667,SYN-0138,train
REC-01668,SYN-0139,train
REC-01669,SYN-0139,train
REC-01670,SYN-0139,train
REC-01671,SYN-0139,train
REC-01672,SYN-0139,train
REC-01673,SYN-0139,train
REC-01674,SYN-0139,train
REC-01675,SYN-0139,train
REC-01676,SYN-0139,train
REC-01677,SYN-0139,train
REC-01678,SYN-0139,train
REC-01679,SYN-0139,train
REC-01680,SYN-0140,train
REC-01681,SYN-0140,train
REC-01682,SYN-0140,train
REC-01683,SYN-0140,train
REC-01684,SYN-0140,train
REC-01685,SYN-0140,train
REC-01686,SYN-0140,train
REC-01687,SYN-0140,train
REC-01688,SYN-0140,train
REC-01689,SYN-0140,train
REC-01690,SYN-0140,train
REC-01691,SYN-0140,train
REC-01692,SYN-0141,test
REC-01693,SYN-0141,test
REC-01694,SYN-0141,test
REC-01695,SYN-0141,test
REC-01696,SYN-0141,test
REC-01697,SYN-0141,test
REC-01698,SYN-0141,test
REC-01699,SYN-0141,test
REC-01700,SYN-0141,test
REC-01701,SYN-0141,test
REC-01702,SYN-0141,test
REC-01703,SYN-0141,test
REC-01704,SYN-0142,test
REC-01705,SYN-0142,test
REC-01706,SYN-0142,test
REC-01707,SYN-0142,test
REC-01708,SYN-0142,test
REC-01709,SYN-0142,test
REC-01710,SYN-0142,test
REC-01711,SYN-0142,test
REC-01712,SYN-0142,test
REC-01713,SYN-0142,test
REC-01714,SYN-0142,test
REC-01715,SYN-0142,test
REC-01716,SYN-0143,train
REC-01717,SYN-0143,train
REC-01718,SYN-0143,train
REC-01719,SYN-0143,train
REC-01720,SYN-0143,train
REC-01721,SYN-0143,train
REC-01722,SYN-0143,train
REC-01723,SYN-0143,train
REC-01724,SYN-0143,train
REC-01725,SYN-0143,train
REC-01726,SYN-0143,train
REC-01727,SYN-0143,train
REC-01728,SYN-0144,train
REC-01729,SYN-0144,train
REC-01730,SYN-0144,train
REC-01731,SYN-0144,train
REC-01732,SYN-0144,train
REC-01733,SYN-0144,train
REC-01734,SYN-0144,train
REC-01735,SYN-0144,train
REC-01736,SYN-0144,train
REC-01737,SYN-0144,train
REC-01738,SYN-0144,train
REC-01739,SYN-0144,train
REC-01740,SYN-0145,validation
REC-01741,SYN-0145,validation
REC-01742,SYN-0145,validation
REC-01743,SYN-0145,validation
REC-01744,SYN-0145,validation
REC-01745,SYN-0145,validation
REC-01746,SYN-0145,validation
REC-01747,SYN-0145,validation
REC-01748,SYN-0145,validation
REC-01749,SYN-0145,validation
REC-01750,SYN-0145,validation
REC-01751,SYN-0145,validation
REC-01752,SYN-0146,test
REC-01753,SYN-0146,test
REC-01754,SYN-0146,test
REC-01755,SYN-0146,test
REC-01756,SYN-0146,test
REC-01757,SYN-0146,test
REC-01758,SYN-0146,test
REC-01759,SYN-0146,test
REC-01760,SYN-0146,test
REC-01761,SYN-0146,test
REC-01762,SYN-0146,test
REC-01763,SYN-0146,test
REC-01764,SYN-0147,train
REC-01765,SYN-0147,train
REC-01766,SYN-0147,train
REC-01767,SYN-0147,train
REC-01768,SYN-0147,train
REC-01769,SYN-0147,train
REC-01770,SYN-0147,train
REC-01771,SYN-0147,train
REC-01772,SYN-0147,train
REC-01773,SYN-0147,train
REC-01774,SYN-0147,train
REC-01775,SYN-0147,train
REC-01776,SYN-0148,train
REC-01777,SYN-0148,train
REC-01778,SYN-0148,train
REC-01779,SYN-0148,train
REC-01780,SYN-0148,train
REC-01781,SYN-0148,train
REC-01782,SYN-0148,train
REC-01783,SYN-0148,train
REC-01784,SYN-0148,train
REC-01785,SYN-0148,train
REC-01786,SYN-0148,train
REC-01787,SYN-0148,train
REC-01788,SYN-0149,train
REC-01789,SYN-0149,train
REC-01790,SYN-0149,train
REC-01791,SYN-0149,train
REC-01792,SYN-0149,train
REC-01793,SYN-0149,train
REC-01794,SYN-0149,train
REC-01795,SYN-0149,train
REC-01796,SYN-0149,train
REC-01797,SYN-0149,train
REC-01798,SYN-0149,train
REC-01799,SYN-0149,train
REC-01800,SYN-0150,train
REC-01801,SYN-0150,train
REC-01802,SYN-0150,train
REC-01803,SYN-0150,train
REC-01804,SYN-0150,train
REC-01805,SYN-0150,train
REC-01806,SYN-0150,train
REC-01807,SYN-0150,train
REC-01808,SYN-0150,train
REC-01809,SYN-0150,train
REC-01810,SYN-0150,train
REC-01811,SYN-0150,train
REC-01812,SYN-0151,validation
REC-01813,SYN-0151,validation
REC-01814,SYN-0151,validation
REC-01815,SYN-0151,validation
REC-01816,SYN-0151,validation
REC-01817,SYN-0151,validation
REC-01818,SYN-0151,validation
REC-01819,SYN-0151,validation
REC-01820,SYN-0151,validation
REC-01821,SYN-0151,validation
REC-01822,SYN-0151,validation
REC-01823,SYN-0151,validation
REC-01824,SYN-0152,validation
REC-01825,SYN-0152,validation
REC-01826,SYN-0152,validation
REC-01827,SYN-0152,validation
REC-01828,SYN-0152,validation
REC-01829,SYN-0152,validation
REC-01830,SYN-0152,validation
REC-01831,SYN-0152,validation
REC-01832,SYN-0152,validation
REC-01833,SYN-0152,validation
REC-01834,SYN-0152,validation
REC-01835,SYN-0152,validation
REC-01836,SYN-0153,train
REC-01837,SYN-0153,train
REC-01838,SYN-0153,train
REC-01839,SYN-0153,train
REC-01840,SYN-0153,train
REC-01841,SYN-0153,train
REC-01842,SYN-0153,train
REC-01843,SYN-0153,train
REC-01844,SYN-0153,train
REC-01845,SYN-0153,train
REC-01846,SYN-0153,train
REC-01847,SYN-0153,train
REC-01848,SYN-0154,train
REC-01849,SYN-0154,train
REC-01850,SYN-0154,train
REC-01851,SYN-0154,train
REC-01852,SYN-0154,train
REC-01853,SYN-0154,train
REC-01854,SYN-0154,train
REC-01855,SYN-0154,train
REC-01856,SYN-0154,train
REC-01857,SYN-0154,train
REC-01858,SYN-0154,train
REC-01859,SYN-0154,train
REC-01860,SYN-0155,train
REC-01861,SYN-0155,train
REC-01862,SYN-0155,train
REC-01863,SYN-0155,train
REC-01864,SYN-0155,train
REC-01865,SYN-0155,train
REC-01866,SYN-0155,train
REC-01867,SYN-0155,train
REC-01868,SYN-0155,train
REC-01869,SYN-0155,train
REC-01870,SYN-0155,train
REC-01871,SYN-0155,train
REC-01872,SYN-0156,train
REC-01873,SYN-0156,train
REC-01874,SYN-0156,train
REC-01875,SYN-0156,train
REC-01876,SYN-0156,train
REC-01877,SYN-0156,train
REC-01878,SYN-0156,train
REC-01879,SYN-0156,train
REC-01880,SYN-0156,train
REC-01881,SYN-0156,train
REC-01882,SYN-0156,train
REC-01883,SYN-0156,train
REC-01884,SYN-0157,train
REC-01885,SYN-0157,train
REC-01886,SYN-0157,train
REC-01887,SYN-0157,train
REC-01888,SYN-0157,train
REC-01889,SYN-0157,train
REC-01890,SYN-0157,train
REC-01891,SYN-0157,train
REC-01892,SYN-0157,train
REC-01893,SYN-0157,train
REC-01894,SYN-0157,train
REC-01895,SYN-0157,train
REC-01896,SYN-0158,validation
REC-01897,SYN-0158,validation
REC-01898,SYN-0158,validation
REC-01899,SYN-0158,validation
REC-01900,SYN-0158,validation
REC-01901,SYN-0158,validation
REC-01902,SYN-0158,validation
REC-01903,SYN-0158,validation
REC-01904,SYN-0158,validation
REC-01905,SYN-0158,validation
REC-01906,SYN-0158,validation
REC-01907,SYN-0158,validation
REC-01908,SYN-0159,test
REC-01909,SYN-0159,test
REC-01910,SYN-0159,test
REC-01911,SYN-0159,test
REC-01912,SYN-0159,test
REC-01913,SYN-0159,test
REC-01914,SYN-0159,test
REC-01915,SYN-0159,test
REC-01916,SYN-0159,test
REC-01917,SYN-0159,test
REC-01918,SYN-0159,test
REC-01919,SYN-0159,test
REC-01920,SYN-0160,train
REC-01921,SYN-0160,train
REC-01922,SYN-0160,train
REC-01923,SYN-0160,train
REC-01924,SYN-0160,train
REC-01925,SYN-0160,train
REC-01926,SYN-0160,train
REC-01927,SYN-0160,train
REC-01928,SYN-0160,train
REC-01929,SYN-0160,train
REC-01930,SYN-0160,train
REC-01931,SYN-0160,train
REC-01932,SYN-0161,train
REC-01933,SYN-0161,train
REC-01934,SYN-0161,train
REC-01935,SYN-0161,train
REC-01936,SYN-0161,train
REC-01937,SYN-0161,train
REC-01938,SYN-0161,train
REC-01939,SYN-0161,train
REC-01940,SYN-0161,train
REC-01941,SYN-0161,train
REC-01942,SYN-0161,train
REC-01943,SYN-0161,train
REC-01944,SYN-0162,train
REC-01945,SYN-0162,train
REC-01946,SYN-0162,train
REC-01947,SYN-0162,train
REC-01948,SYN-0162,train
REC-01949,SYN-0162,train
REC-01950,SYN-0162,train
REC-01951,SYN-0162,train
REC-01952,SYN-0162,train
REC-01953,SYN-0162,train
REC-01954,SYN-0162,train
REC-01955,SYN-0162,train
REC-01956,SYN-0163,train
REC-01957,SYN-0163,train
REC-01958,SYN-0163,train
REC-01959,SYN-0163,train
REC-01960,SYN-0163,train
REC-01961,SYN-0163,train
REC-01962,SYN-0163,train
REC-01963,SYN-0163,train
REC-01964,SYN-0163,train
REC-01965,SYN-0163,train
REC-01966,SYN-0163,train
REC-01967,SYN-0163,train
REC-01968,SYN-0164,validation
REC-01969,SYN-0164,validation
REC-01970,SYN-0164,validation
REC-01971,SYN-0164,validation
REC-01972,SYN-0164,validation
REC-01973,SYN-0164,validation
REC-01974,SYN-0164,validation
REC-01975,SYN-0164,validation
REC-01976,SYN-0164,validation
REC-01977,SYN-0164,validation
REC-01978,SYN-0164,validation
REC-01979,SYN-0164,validation
REC-01980,SYN-0165,train
REC-01981,SYN-0165,train
REC-01982,SYN-0165,train
REC-01983,SYN-0165,train
REC-01984,SYN-0165,train
REC-01985,SYN-0165,train
REC-01986,SYN-0165,train
REC-01987,SYN-0165,train
REC-01988,SYN-0165,train
REC-01989,SYN-0165,train
REC-01990,SYN-0165,train
REC-01991,SYN-0165,train
REC-01992,SYN-0166,train
REC-01993,SYN-0166,train
REC-01994,SYN-0166,train
REC-01995,SYN-0166,train
REC-01996,SYN-0166,train
REC-01997,SYN-0166,train
REC-01998,SYN-0166,train
REC-01999,SYN-0166,train
REC-02000,SYN-0166,train
REC-02001,SYN-0166,train
REC-02002,SYN-0166,train
REC-02003,SYN-0166,train
REC-02004,SYN-0167,train
REC-02005,SYN-0167,train
REC-02006,SYN-0167,train
REC-02007,SYN-0167,train
REC-02008,SYN-0167,train
REC-02009,SYN-0167,train
REC-02010,SYN-0167,train
REC-02011,SYN-0167,train
REC-02012,SYN-0167,train
REC-02013,SYN-0167,train
REC-02014,SYN-0167,train
REC-02015,SYN-0167,train
REC-02016,SYN-0168,train
REC-02017,SYN-0168,train
REC-02018,SYN-0168,train
REC-02019,SYN-0168,train
REC-02020,SYN-0168,train
REC-02021,SYN-0168,train
REC-02022,SYN-0168,train
REC-02023,SYN-0168,train
REC-02024,SYN-0168,train
REC-02025,SYN-0168,train
REC-02026,SYN-0168,train
REC-02027,SYN-0168,train
REC-02028,SYN-0169,validation
REC-02029,SYN-0169,validation
REC-02030,SYN-0169,validation
REC-02031,SYN-0169,validation
REC-02032,SYN-0169,validation
REC-02033,SYN-0169,validation
REC-02034,SYN-0169,validation
REC-02035,SYN-0169,validation
REC-02036,SYN-0169,validation
REC-02037,SYN-0169,validation
REC-02038,SYN-0169,validation
REC-02039,SYN-0169,validation
REC-02040,SYN-0170,train
REC-02041,SYN-0170,train
REC-02042,SYN-0170,train
REC-02043,SYN-0170,train
REC-02044,SYN-0170,train
REC-02045,SYN-0170,train
REC-02046,SYN-0170,train
REC-02047,SYN-0170,train
REC-02048,SYN-0170,train
REC-02049,SYN-0170,train
REC-02050,SYN-0170,train
REC-02051,SYN-0170,train
REC-02052,SYN-0171,train
REC-02053,SYN-0171,train
REC-02054,SYN-0171,train
REC-02055,SYN-0171,train
REC-02056,SYN-0171,train
REC-02057,SYN-0171,train
REC-02058,SYN-0171,train
REC-02059,SYN-0171,train
REC-02060,SYN-0171,train
REC-02061,SYN-0171,train
REC-02062,SYN-0171,train
REC-02063,SYN-0171,train
REC-02064,SYN-0172,train
REC-02065,SYN-0172,train
REC-02066,SYN-0172,train
REC-02067,SYN-0172,train
REC-02068,SYN-0172,train
REC-02069,SYN-0172,train
REC-02070,SYN-0172,train
REC-02071,SYN-0172,train
REC-02072,SYN-0172,train
REC-02073,SYN-0172,train
REC-02074,SYN-0172,train
REC-02075,SYN-0172,train
REC-02076,SYN-0173,test
REC-02077,SYN-0173,test
REC-02078,SYN-0173,test
REC-02079,SYN-0173,test
REC-02080,SYN-0173,test
REC-02081,SYN-0173,test
REC-02082,SYN-0173,test
REC-02083,SYN-0173,test
REC-02084,SYN-0173,test
REC-02085,SYN-0173,test
REC-02086,SYN-0173,test
REC-02087,SYN-0173,test
REC-02088,SYN-0174,train
REC-02089,SYN-0174,train
REC-02090,SYN-0174,train
REC-02091,SYN-0174,train
REC-02092,SYN-0174,train
REC-02093,SYN-0174,train
REC-02094,SYN-0174,train
REC-02095,SYN-0174,train
REC-02096,SYN-0174,train
REC-02097,SYN-0174,train
REC-02098,SYN-0174,train
REC-02099,SYN-0174,train
REC-02100,SYN-0175,train
REC-02101,SYN-0175,train
REC-02102,SYN-0175,train
REC-02103,SYN-0175,train
REC-02104,SYN-0175,train
REC-02105,SYN-0175,train
REC-02106,SYN-0175,train
REC-02107,SYN-0175,train
REC-02108,SYN-0175,train
REC-02109,SYN-0175,train
REC-02110,SYN-0175,train
REC-02111,SYN-0175,train
REC-02112,SYN-0176,test
REC-02113,SYN-0176,test
REC-02114,SYN-0176,test
REC-02115,SYN-0176,test
REC-02116,SYN-0176,test
REC-02117,SYN-0176,test
REC-02118,SYN-0176,test
REC-02119,SYN-0176,test
REC-02120,SYN-0176,test
REC-02121,SYN-0176,test
REC-02122,SYN-0176,test
REC-02123,SYN-0176,test
REC-02124,SYN-0177,test
REC-02125,SYN-0177,test
REC-02126,SYN-0177,test
REC-02127,SYN-0177,test
REC-02128,SYN-0177,test
REC-02129,SYN-0177,test
REC-02130,SYN-0177,test
REC-02131,SYN-0177,test
REC-02132,SYN-0177,test
REC-02133,SYN-0177,test
REC-02134,SYN-0177,test
REC-02135,SYN-0177,test
REC-02136,SYN-0178,train
REC-02137,SYN-0178,train
REC-02138,SYN-0178,train
REC-02139,SYN-0178,train
REC-02140,SYN-0178,train
REC-02141,SYN-0178,train
REC-02142,SYN-0178,train
REC-02143,SYN-0178,train
REC-02144,SYN-0178,train
REC-02145,SYN-0178,train
REC-02146,SYN-0178,train
REC-02147,SYN-0178,train
REC-02148,SYN-0179,train
REC-02149,SYN-0179,train
REC-02150,SYN-0179,train
REC-02151,SYN-0179,train
REC-02152,SYN-0179,train
REC-02153,SYN-0179,train
REC-02154,SYN-0179,train
REC-02155,SYN-0179,train
REC-02156,SYN-0179,train
REC-02157,SYN-0179,train
REC-02158,SYN-0179,train
REC-02159,SYN-0179,train
REC-02160,SYN-0180,test
REC-02161,SYN-0180,test
REC-02162,SYN-0180,test
REC-02163,SYN-0180,test
REC-02164,SYN-0180,test
REC-02165,SYN-0180,test
REC-02166,SYN-0180,test
REC-02167,SYN-0180,test
REC-02168,SYN-0180,test
REC-02169,SYN-0180,test
REC-02170,SYN-0180,test
REC-02171,SYN-0180,test
REC-02172,SYN-0181,test
REC-02173,SYN-0181,test
REC-02174,SYN-0181,test
REC-02175,SYN-0181,test
REC-02176,SYN-0181,test
REC-02177,SYN-0181,test
REC-02178,SYN-0181,test
REC-02179,SYN-0181,test
REC-02180,SYN-0181,test
REC-02181,SYN-0181,test
REC-02182,SYN-0181,test
REC-02183,SYN-0181,test
REC-02184,SYN-0182,validation
REC-02185,SYN-0182,validation
REC-02186,SYN-0182,validation
REC-02187,SYN-0182,validation
REC-02188,SYN-0182,validation
REC-02189,SYN-0182,validation
REC-02190,SYN-0182,validation
REC-02191,SYN-0182,validation
REC-02192,SYN-0182,validation
REC-02193,SYN-0182,validation
REC-02194,SYN-0182,validation
REC-02195,SYN-0182,validation
REC-02196,SYN-0183,train
REC-02197,SYN-0183,train
REC-02198,SYN-0183,train
REC-02199,SYN-0183,train
REC-02200,SYN-0183,train
REC-02201,SYN-0183,train
REC-02202,SYN-0183,train
REC-02203,SYN-0183,train
REC-02204,SYN-0183,train
REC-02205,SYN-0183,train
REC-02206,SYN-0183,train
REC-02207,SYN-0183,train
REC-02208,SYN-0184,test
REC-02209,SYN-0184,test
REC-02210,SYN-0184,test
REC-02211,SYN-0184,test
REC-02212,SYN-0184,test
REC-02213,SYN-0184,test
REC-02214,SYN-0184,test
REC-02215,SYN-0184,test
REC-02216,SYN-0184,test
REC-02217,SYN-0184,test
REC-02218,SYN-0184,test
REC-02219,SYN-0184,test
REC-02220,SYN-0185,test
REC-02221,SYN-0185,test
REC-02222,SYN-0185,test
REC-02223,SYN-0185,test
REC-02224,SYN-0185,test
REC-02225,SYN-0185,test
REC-02226,SYN-0185,test
REC-02227,SYN-0185,test
REC-02228,SYN-0185,test
REC-02229,SYN-0185,test
REC-02230,SYN-0185,test
REC-02231,SYN-0185,test
REC-02232,SYN-0186,train
REC-02233,SYN-0186,train
REC-02234,SYN-0186,train
REC-02235,SYN-0186,train
REC-02236,SYN-0186,train
REC-02237,SYN-0186,train
REC-02238,SYN-0186,train
REC-02239,SYN-0186,train
REC-02240,SYN-0186,train
REC-02241,SYN-0186,train
REC-02242,SYN-0186,train
REC-02243,SYN-0186,train
REC-02244,SYN-0187,validation
REC-02245,SYN-0187,validation
REC-02246,SYN-0187,validation
REC-02247,SYN-0187,validation
REC-02248,SYN-0187,validation
REC-02249,SYN-0187,validation
REC-02250,SYN-0187,validation
REC-02251,SYN-0187,validation
REC-02252,SYN-0187,validation
REC-02253,SYN-0187,validation
REC-02254,SYN-0187,validation
REC-02255,SYN-0187,validation
REC-02256,SYN-0188,train
REC-02257,SYN-0188,train
REC-02258,SYN-0188,train
REC-02259,SYN-0188,train
REC-02260,SYN-0188,train
REC-02261,SYN-0188,train
REC-02262,SYN-0188,train
REC-02263,SYN-0188,train
REC-02264,SYN-0188,train
REC-02265,SYN-0188,train
REC-02266,SYN-0188,train
REC-02267,SYN-0188,train
REC-02268,SYN-0189,validation
REC-02269,SYN-0189,validation
REC-02270,SYN-0189,validation
REC-02271,SYN-0189,validation
REC-02272,SYN-0189,validation
REC-02273,SYN-0189,validation
REC-02274,SYN-0189,validation
REC-02275,SYN-0189,validation
REC-02276,SYN-0189,validation
REC-02277,SYN-0189,validation
REC-02278,SYN-0189,validation
REC-02279,SYN-0189,validation
REC-02280,SYN-0190,train
REC-02281,SYN-0190,train
REC-02282,SYN-0190,train
REC-02283,SYN-0190,train
REC-02284,SYN-0190,train
REC-02285,SYN-0190,train
REC-02286,SYN-0190,train
REC-02287,SYN-0190,train
REC-02288,SYN-0190,train
REC-02289,SYN-0190,train
REC-02290,SYN-0190,train
REC-02291,SYN-0190,train
REC-02292,SYN-0191,train
REC-02293,SYN-0191,train
REC-02294,SYN-0191,train
REC-02295,SYN-0191,train
REC-02296,SYN-0191,train
REC-02297,SYN-0191,train
REC-02298,SYN-0191,train
REC-02299,SYN-0191,train
REC-02300,SYN-0191,train
REC-02301,SYN-0191,train
REC-02302,SYN-0191,train
REC-02303,SYN-0191,train
REC-02304,SYN-0192,train
REC-02305,SYN-0192,train
REC-02306,SYN-0192,train
REC-02307,SYN-0192,train
REC-02308,SYN-0192,train
REC-02309,SYN-0192,train
REC-02310,SYN-0192,train
REC-02311,SYN-0192,train
REC-02312,SYN-0192,train
REC-02313,SYN-0192,train
REC-02314,SYN-0192,train
REC-02315,SYN-0192,train
REC-02316,SYN-0193,validation
REC-02317,SYN-0193,validation
REC-02318,SYN-0193,validation
REC-02319,SYN-0193,validation
REC-02320,SYN-0193,validation
REC-02321,SYN-0193,validation
REC-02322,SYN-0193,validation
REC-02323,SYN-0193,validation
REC-02324,SYN-0193,validation
REC-02325,SYN-0193,validation
REC-02326,SYN-0193,validation
REC-02327,SYN-0193,validation
REC-02328,SYN-0194,test
REC-02329,SYN-0194,test
REC-02330,SYN-0194,test
REC-02331,SYN-0194,test
REC-02332,SYN-0194,test
REC-02333,SYN-0194,test
REC-02334,SYN-0194,test
REC-02335,SYN-0194,test
REC-02336,SYN-0194,test
REC-02337,SYN-0194,test
REC-02338,SYN-0194,test
REC-02339,SYN-0194,test
REC-02340,SYN-0195,train
REC-02341,SYN-0195,train
REC-02342,SYN-0195,train
REC-02343,SYN-0195,train
REC-02344,SYN-0195,train
REC-02345,SYN-0195,train
REC-02346,SYN-0195,train
REC-02347,SYN-0195,train
REC-02348,SYN-0195,train
REC-02349,SYN-0195,train
REC-02350,SYN-0195,train
REC-02351,SYN-0195,train
REC-02352,SYN-0196,test
REC-02353,SYN-0196,test
REC-02354,SYN-0196,test
REC-02355,SYN-0196,test
REC-02356,SYN-0196,test
REC-02357,SYN-0196,test
REC-02358,SYN-0196,test
REC-02359,SYN-0196,test
REC-02360,SYN-0196,test
REC-02361,SYN-0196,test
REC-02362,SYN-0196,test
REC-02363,SYN-0196,test
REC-02364,SYN-0197,test
REC-02365,SYN-0197,test
REC-02366,SYN-0197,test
REC-02367,SYN-0197,test
REC-02368,SYN-0197,test
REC-02369,SYN-0197,test
REC-02370,SYN-0197,test
REC-02371,SYN-0197,test
REC-02372,SYN-0197,test
REC-02373,SYN-0197,test
REC-02374,SYN-0197,test
REC-02375,SYN-0197,test
REC-02376,SYN-0198,train
REC-02377,SYN-0198,train
REC-02378,SYN-0198,train
REC-02379,SYN-0198,train
REC-02380,SYN-0198,train
REC-02381,SYN-0198,train
REC-02382,SYN-0198,train
REC-02383,SYN-0198,train
REC-02384,SYN-0198,train
REC-02385,SYN-0198,train
REC-02386,SYN-0198,train
REC-02387,SYN-0198,train
REC-02388,SYN-0199,train
REC-02389,SYN-0199,train
REC-02390,SYN-0199,train
REC-02391,SYN-0199,train
REC-02392,SYN-0199,train
REC-02393,SYN-0199,train
REC-02394,SYN-0199,train
REC-02395,SYN-0199,train
REC-02396,SYN-0199,train
REC-02397,SYN-0199,train
REC-02398,SYN-0199,train
REC-02399,SYN-0199,train
REC-02400,SYN-0200,test
REC-02401,SYN-0200,test
REC-02402,SYN-0200,test
REC-02403,SYN-0200,test
REC-02404,SYN-0200,test
REC-02405,SYN-0200,test
REC-02406,SYN-0200,test
REC-02407,SYN-0200,test
REC-02408,SYN-0200,test
REC-02409,SYN-0200,test
REC-02410,SYN-0200,test
REC-02411,SYN-0200,test
REC-02412,SYN-0201,test
REC-02413,SYN-0201,test
REC-02414,SYN-0201,test
REC-02415,SYN-0201,test
REC-02416,SYN-0201,test
REC-02417,SYN-0201,test
REC-02418,SYN-0201,test
REC-02419,SYN-0201,test
REC-02420,SYN-0201,test
REC-02421,SYN-0201,test
REC-02422,SYN-0201,test
REC-02423,SYN-0201,test
REC-02424,SYN-0202,train
REC-02425,SYN-0202,train
REC-02426,SYN-0202,train
REC-02427,SYN-0202,train
REC-02428,SYN-0202,train
REC-02429,SYN-0202,train
REC-02430,SYN-0202,train
REC-02431,SYN-0202,train
REC-02432,SYN-0202,train
REC-02433,SYN-0202,train
REC-02434,SYN-0202,train
REC-02435,SYN-0202,train
REC-02436,SYN-0203,validation
REC-02437,SYN-0203,validation
REC-02438,SYN-0203,validation
REC-02439,SYN-0203,validation
REC-02440,SYN-0203,validation
REC-02441,SYN-0203,validation
REC-02442,SYN-0203,validation
REC-02443,SYN-0203,validation
REC-02444,SYN-0203,validation
REC-02445,SYN-0203,validation
REC-02446,SYN-0203,validation
REC-02447,SYN-0203,validation
REC-02448,SYN-0204,train
REC-02449,SYN-0204,train
REC-02450,SYN-0204,train
REC-02451,SYN-0204,train
REC-02452,SYN-0204,train
REC-02453,SYN-0204,train
REC-02454,SYN-0204,train
REC-02455,SYN-0204,train
REC-02456,SYN-0204,train
REC-02457,SYN-0204,train
REC-02458,SYN-0204,train
REC-02459,SYN-0204,train
REC-02460,SYN-0205,train
REC-02461,SYN-0205,train
REC-02462,SYN-0205,train
REC-02463,SYN-0205,train
REC-02464,SYN-0205,train
REC-02465,SYN-0205,train
REC-02466,SYN-0205,train
REC-02467,SYN-0205,train
REC-02468,SYN-0205,train
REC-02469,SYN-0205,train
REC-02470,SYN-0205,train
REC-02471,SYN-0205,train
REC-02472,SYN-0206,train
REC-02473,SYN-0206,train
REC-02474,SYN-0206,train
REC-02475,SYN-0206,train
REC-02476,SYN-0206,train
REC-02477,SYN-0206,train
REC-02478,SYN-0206,train
REC-02479,SYN-0206,train
REC-02480,SYN-0206,train
REC-02481,SYN-0206,train
REC-02482,SYN-0206,train
REC-02483,SYN-0206,train
REC-02484,SYN-0207,train
REC-02485,SYN-0207,train
REC-02486,SYN-0207,train
REC-02487,SYN-0207,train
REC-02488,SYN-0207,train
REC-02489,SYN-0207,train
REC-02490,SYN-0207,train
REC-02491,SYN-0207,train
REC-02492,SYN-0207,train
REC-02493,SYN-0207,train
REC-02494,SYN-0207,train
REC-02495,SYN-0207,train
REC-02496,SYN-0208,train
REC-02497,SYN-0208,train
REC-02498,SYN-0208,train
REC-02499,SYN-0208,train
REC-02500,SYN-0208,train
REC-02501,SYN-0208,train
REC-02502,SYN-0208,train
REC-02503,SYN-0208,train
REC-02504,SYN-0208,train
REC-02505,SYN-0208,train
REC-02506,SYN-0208,train
REC-02507,SYN-0208,train
REC-02508,SYN-0209,train
REC-02509,SYN-0209,train
REC-02510,SYN-0209,train
REC-02511,SYN-0209,train
REC-02512,SYN-0209,train
REC-02513,SYN-0209,train
REC-02514,SYN-0209,train
REC-02515,SYN-0209,train
REC-02516,SYN-0209,train
REC-02517,SYN-0209,train
REC-02518,SYN-0209,train
REC-02519,SYN-0209,train
REC-02520,SYN-0210,validation
REC-02521,SYN-0210,validation
REC-02522,SYN-0210,validation
REC-02523,SYN-0210,validation
REC-02524,SYN-0210,validation
REC-02525,SYN-0210,validation
REC-02526,SYN-0210,validation
REC-02527,SYN-0210,validation
REC-02528,SYN-0210,validation
REC-02529,SYN-0210,validation
REC-02530,SYN-0210,validation
REC-02531,SYN-0210,validation
REC-02532,SYN-0211,validation
REC-02533,SYN-0211,validation
REC-02534,SYN-0211,validation
REC-02535,SYN-0211,validation
REC-02536,SYN-0211,validation
REC-02537,SYN-0211,validation
REC-02538,SYN-0211,validation
REC-02539,SYN-0211,validation
REC-02540,SYN-0211,validation
REC-02541,SYN-0211,validation
REC-02542,SYN-0211,validation
REC-02543,SYN-0211,validation
REC-02544,SYN-0212,train
REC-02545,SYN-0212,train
REC-02546,SYN-0212,train
REC-02547,SYN-0212,train
REC-02548,SYN-0212,train
REC-02549,SYN-0212,train
REC-02550,SYN-0212,train
REC-02551,SYN-0212,train
REC-02552,SYN-0212,train
REC-02553,SYN-0212,train
REC-02554,SYN-0212,train
REC-02555,SYN-0212,train
REC-02556,SYN-0213,train
REC-02557,SYN-0213,train
REC-02558,SYN-0213,train
REC-02559,SYN-0213,train
REC-02560,SYN-0213,train
REC-02561,SYN-0213,train
REC-02562,SYN-0213,train
REC-02563,SYN-0213,train
REC-02564,SYN-0213,train
REC-02565,SYN-0213,train
REC-02566,SYN-0213,train
REC-02567,SYN-0213,train
REC-02568,SYN-0214,validation
REC-02569,SYN-0214,validation
REC-02570,SYN-0214,validation
REC-02571,SYN-0214,validation
REC-02572,SYN-0214,validation
REC-02573,SYN-0214,validation
REC-02574,SYN-0214,validation
REC-02575,SYN-0214,validation
REC-02576,SYN-0214,validation
REC-02577,SYN-0214,validation
REC-02578,SYN-0214,validation
REC-02579,SYN-0214,validation
REC-02580,SYN-0215,train
REC-02581,SYN-0215,train
REC-02582,SYN-0215,train
REC-02583,SYN-0215,train
REC-02584,SYN-0215,train
REC-02585,SYN-0215,train
REC-02586,SYN-0215,train
REC-02587,SYN-0215,train
REC-02588,SYN-0215,train
REC-02589,SYN-0215,train
REC-02590,SYN-0215,train
REC-02591,SYN-0215,train
REC-02592,SYN-0216,test
REC-02593,SYN-0216,test
REC-02594,SYN-0216,test
REC-02595,SYN-0216,test
REC-02596,SYN-0216,test
REC-02597,SYN-0216,test
REC-02598,SYN-0216,test
REC-02599,SYN-0216,test
REC-02600,SYN-0216,test
REC-02601,SYN-0216,test
REC-02602,SYN-0216,test
REC-02603,SYN-0216,test
REC-02604,SYN-0217,validation
REC-02605,SYN-0217,validation
REC-02606,SYN-0217,validation
REC-02607,SYN-0217,validation
REC-02608,SYN-0217,validation
REC-02609,SYN-0217,validation
REC-02610,SYN-0217,validation
REC-02611,SYN-0217,validation
REC-02612,SYN-0217,validation
REC-02613,SYN-0217,validation
REC-02614,SYN-0217,validation
REC-02615,SYN-0217,validation
REC-02616,SYN-0218,train
REC-02617,SYN-0218,train
REC-02618,SYN-0218,train
REC-02619,SYN-0218,train
REC-02620,SYN-0218,train
REC-02621,SYN-0218,train
REC-02622,SYN-0218,train
REC-02623,SYN-0218,train
REC-02624,SYN-0218,train
REC-02625,SYN-0218,train
REC-02626,SYN-0218,train
REC-02627,SYN-0218,train
REC-02628,SYN-0219,test
REC-02629,SYN-0219,test
REC-02630,SYN-0219,test
REC-02631,SYN-0219,test
REC-02632,SYN-0219,test
REC-02633,SYN-0219,test
REC-02634,SYN-0219,test
REC-02635,SYN-0219,test
REC-02636,SYN-0219,test
REC-02637,SYN-0219,test
REC-02638,SYN-0219,test
REC-02639,SYN-0219,test
REC-02640,SYN-0220,train
REC-02641,SYN-0220,train
REC-02642,SYN-0220,train
REC-02643,SYN-0220,train
REC-02644,SYN-0220,train
REC-02645,SYN-0220,train
REC-02646,SYN-0220,train
REC-02647,SYN-0220,train
REC-02648,SYN-0220,train
REC-02649,SYN-0220,train
REC-02650,SYN-0220,train
REC-02651,SYN-0220,train
REC-02652,SYN-0221,train
REC-02653,SYN-0221,train
REC-02654,SYN-0221,train
REC-02655,SYN-0221,train
REC-02656,SYN-0221,train
REC-02657,SYN-0221,train
REC-02658,SYN-0221,train
REC-02659,SYN-0221,train
REC-02660,SYN-0221,train
REC-02661,SYN-0221,train
REC-02662,SYN-0221,train
REC-02663,SYN-0221,train
REC-02664,SYN-0222,test
REC-02665,SYN-0222,test
REC-02666,SYN-0222,test
REC-02667,SYN-0222,test
REC-02668,SYN-0222,test
REC-02669,SYN-0222,test
REC-02670,SYN-0222,test
REC-02671,SYN-0222,test
REC-02672,SYN-0222,test
REC-02673,SYN-0222,test
REC-02674,SYN-0222,test
REC-02675,SYN-0222,test
REC-02676,SYN-0223,train
REC-02677,SYN-0223,train
REC-02678,SYN-0223,train
REC-02679,SYN-0223,train
REC-02680,SYN-0223,train
REC-02681,SYN-0223,train
REC-02682,SYN-0223,train
REC-02683,SYN-0223,train
REC-02684,SYN-0223,train
REC-02685,SYN-0223,train
REC-02686,SYN-0223,train
REC-02687,SYN-0223,train
REC-02688,SYN-0224,test
REC-02689,SYN-0224,test
REC-02690,SYN-0224,test
REC-02691,SYN-0224,test
REC-02692,SYN-0224,test
REC-02693,SYN-0224,test
REC-02694,SYN-0224,test
REC-02695,SYN-0224,test
REC-02696,SYN-0224,test
REC-02697,SYN-0224,test
REC-02698,SYN-0224,test
REC-02699,SYN-0224,test
REC-02700,SYN-0225,train
REC-02701,SYN-0225,train
REC-02702,SYN-0225,train
REC-02703,SYN-0225,train
REC-02704,SYN-0225,train
REC-02705,SYN-0225,train
REC-02706,SYN-0225,train
REC-02707,SYN-0225,train
REC-02708,SYN-0225,train
REC-02709,SYN-0225,train
REC-02710,SYN-0225,train
REC-02711,SYN-0225,train
REC-02712,SYN-0226,train
REC-02713,SYN-0226,train
REC-02714,SYN-0226,train
REC-02715,SYN-0226,train
REC-02716,SYN-0226,train
REC-02717,SYN-0226,train
REC-02718,SYN-0226,train
REC-02719,SYN-0226,train
REC-02720,SYN-0226,train
REC-02721,SYN-0226,train
REC-02722,SYN-0226,train
REC-02723,SYN-0226,train
REC-02724,SYN-0227,validation
REC-02725,SYN-0227,validation
REC-02726,SYN-0227,validation
REC-02727,SYN-0227,validation
REC-02728,SYN-0227,validation
REC-02729,SYN-0227,validation
REC-02730,SYN-0227,validation
REC-02731,SYN-0227,validation
REC-02732,SYN-0227,validation
REC-02733,SYN-0227,validation
REC-02734,SYN-0227,validation
REC-02735,SYN-0227,validation
REC-02736,SYN-0228,validation
REC-02737,SYN-0228,validation
REC-02738,SYN-0228,validation
REC-02739,SYN-0228,validation
REC-02740,SYN-0228,validation
REC-02741,SYN-0228,validation
REC-02742,SYN-0228,validation
REC-02743,SYN-0228,validation
REC-02744,SYN-0228,validation
REC-02745,SYN-0228,validation
REC-02746,SYN-0228,validation
REC-02747,SYN-0228,validation
REC-02748,SYN-0229,train
REC-02749,SYN-0229,train
REC-02750,SYN-0229,train
REC-02751,SYN-0229,train
REC-02752,SYN-0229,train
REC-02753,SYN-0229,train
REC-02754,SYN-0229,train
REC-02755,SYN-0229,train
REC-02756,SYN-0229,train
REC-02757,SYN-0229,train
REC-02758,SYN-0229,train
REC-02759,SYN-0229,train
REC-02760,SYN-0230,validation
REC-02761,SYN-0230,validation
REC-02762,SYN-0230,validation
REC-02763,SYN-0230,validation
REC-02764,SYN-0230,validation
REC-02765,SYN-0230,validation
REC-02766,SYN-0230,validation
REC-02767,SYN-0230,validation
REC-02768,SYN-0230,validation
REC-02769,SYN-0230,validation
REC-02770,SYN-0230,validation
REC-02771,SYN-0230,validation
REC-02772,SYN-0231,train
REC-02773,SYN-0231,train
REC-02774,SYN-0231,train
REC-02775,SYN-0231,train
REC-02776,SYN-0231,train
REC-02777,SYN-0231,train
REC-02778,SYN-0231,train
REC-02779,SYN-0231,train
REC-02780,SYN-0231,train
REC-02781,SYN-0231,train
REC-02782,SYN-0231,train
REC-02783,SYN-0231,train
REC-02784,SYN-0232,validation
REC-02785,SYN-0232,validation
REC-02786,SYN-0232,validation
REC-02787,SYN-0232,validation
REC-02788,SYN-0232,validation
REC-02789,SYN-0232,validation
REC-02790,SYN-0232,validation
REC-02791,SYN-0232,validation
REC-02792,SYN-0232,validation
REC-02793,SYN-0232,validation
REC-02794,SYN-0232,validation
REC-02795,SYN-0232,validation
REC-02796,SYN-0233,train
REC-02797,SYN-0233,train
REC-02798,SYN-0233,train
REC-02799,SYN-0233,train
REC-02800,SYN-0233,train
REC-02801,SYN-0233,train
REC-02802,SYN-0233,train
REC-02803,SYN-0233,train
REC-02804,SYN-0233,train
REC-02805,SYN-0233,train
REC-02806,SYN-0233,train
REC-02807,SYN-0233,train
REC-02808,SYN-0234,train
REC-02809,SYN-0234,train
REC-02810,SYN-0234,train
REC-02811,SYN-0234,train
REC-02812,SYN-0234,train
REC-02813,SYN-0234,train
REC-02814,SYN-0234,train
REC-02815,SYN-0234,train
REC-02816,SYN-0234,train
REC-02817,SYN-0234,train
REC-02818,SYN-0234,train
REC-02819,SYN-0234,train
REC-02820,SYN-0235,validation
REC-02821,SYN-0235,validation
REC-02822,SYN-0235,validation
REC-02823,SYN-0235,validation
REC-02824,SYN-0235,validation
REC-02825,SYN-0235,validation
REC-02826,SYN-0235,validation
REC-02827,SYN-0235,validation
REC-02828,SYN-0235,validation
REC-02829,SYN-0235,validation
REC-02830,SYN-0235,validation
REC-02831,SYN-0235,validation
REC-02832,SYN-0236,test
REC-02833,SYN-0236,test
REC-02834,SYN-0236,test
REC-02835,SYN-0236,test
REC-02836,SYN-0236,test
REC-02837,SYN-0236,test
REC-02838,SYN-0236,test
REC-02839,SYN-0236,test
REC-02840,SYN-0236,test
REC-02841,SYN-0236,test
REC-02842,SYN-0236,test
REC-02843,SYN-0236,test
REC-02844,SYN-0237,validation
REC-02845,SYN-0237,validation
REC-02846,SYN-0237,validation
REC-02847,SYN-0237,validation
REC-02848,SYN-0237,validation
REC-02849,SYN-0237,validation
REC-02850,SYN-0237,validation
REC-02851,SYN-0237,validation
REC-02852,SYN-0237,validation
REC-02853,SYN-0237,validation
REC-02854,SYN-0237,validation
REC-02855,SYN-0237,validation
REC-02856,SYN-0238,train
REC-02857,SYN-0238,train
REC-02858,SYN-0238,train
REC-02859,SYN-0238,train
REC-02860,SYN-0238,train
REC-02861,SYN-0238,train
REC-02862,SYN-0238,train
REC-02863,SYN-0238,train
REC-02864,SYN-0238,train
REC-02865,SYN-0238,train
REC-02866,SYN-0238,train
REC-02867,SYN-0238,train
REC-02868,SYN-0239,train
REC-02869,SYN-0239,train
REC-02870,SYN-0239,train
REC-02871,SYN-0239,train
REC-02872,SYN-0239,train
REC-02873,SYN-0239,train
REC-02874,SYN-0239,train
REC-02875,SYN-0239,train
REC-02876,SYN-0239,train
REC-02877,SYN-0239,train
REC-02878,SYN-0239,train
REC-02879,SYN-0239,train
REC-02880,SYN-0240,test
REC-02881,SYN-0240,test
REC-02882,SYN-0240,test
REC-02883,SYN-0240,test
REC-02884,SYN-0240,test
REC-02885,SYN-0240,test
REC-02886,SYN-0240,test
REC-02887,SYN-0240,test
REC-02888,SYN-0240,test
REC-02889,SYN-0240,test
REC-02890,SYN-0240,test
REC-02891,SYN-0240,test
REC-02892,SYN-0241,train
REC-02893,SYN-0241,train
REC-02894,SYN-0241,train
REC-02895,SYN-0241,train
REC-02896,SYN-0241,train
REC-02897,SYN-0241,train
REC-02898,SYN-0241,train
REC-02899,SYN-0241,train
REC-02900,SYN-0241,train
REC-02901,SYN-0241,train
REC-02902,SYN-0241,train
REC-02903,SYN-0241,train
REC-02904,SYN-0242,train
REC-02905,SYN-0242,train
REC-02906,SYN-0242,train
REC-02907,SYN-0242,train
REC-02908,SYN-0242,train
REC-02909,SYN-0242,train
REC-02910,SYN-0242,train
REC-02911,SYN-0242,train
REC-02912,SYN-0242,train
REC-02913,SYN-0242,train
REC-02914,SYN-0242,train
REC-02915,SYN-0242,train
REC-02916,SYN-0243,train
REC-02917,SYN-0243,train
REC-02918,SYN-0243,train
REC-02919,SYN-0243,train
REC-02920,SYN-0243,train
REC-02921,SYN-0243,train
REC-02922,SYN-0243,train
REC-02923,SYN-0243,train
REC-02924,SYN-0243,train
REC-02925,SYN-0243,train
REC-02926,SYN-0243,train
REC-02927,SYN-0243,train
REC-02928,SYN-0244,validation
REC-02929,SYN-0244,validation
REC-02930,SYN-0244,validation
REC-02931,SYN-0244,validation
REC-02932,SYN-0244,validation
REC-02933,SYN-0244,validation
REC-02934,SYN-0244,validation
REC-02935,SYN-0244,validation
REC-02936,SYN-0244,validation
REC-02937,SYN-0244,validation
REC-02938,SYN-0244,validation
REC-02939,SYN-0244,validation
REC-02940,SYN-0245,train
REC-02941,SYN-0245,train
REC-02942,SYN-0245,train
REC-02943,SYN-0245,train
REC-02944,SYN-0245,train
REC-02945,SYN-0245,train
REC-02946,SYN-0245,train
REC-02947,SYN-0245,train
REC-02948,SYN-0245,train
REC-02949,SYN-0245,train
REC-02950,SYN-0245,train
REC-02951,SYN-0245,train
REC-02952,SYN-0246,train
REC-02953,SYN-0246,train
REC-02954,SYN-0246,train
REC-02955,SYN-0246,train
REC-02956,SYN-0246,train
REC-02957,SYN-0246,train
REC-02958,SYN-0246,train
REC-02959,SYN-0246,train
REC-02960,SYN-0246,train
REC-02961,SYN-0246,train
REC-02962,SYN-0246,train
REC-02963,SYN-0246,train
REC-02964,SYN-0247,test
REC-02965,SYN-0247,test
REC-02966,SYN-0247,test
REC-02967,SYN-0247,test
REC-02968,SYN-0247,test
REC-02969,SYN-0247,test
REC-02970,SYN-0247,test
REC-02971,SYN-0247,test
REC-02972,SYN-0247,test
REC-02973,SYN-0247,test
REC-02974,SYN-0247,test
REC-02975,SYN-0247,test
REC-02976,SYN-0248,train
REC-02977,SYN-0248,train
REC-02978,SYN-0248,train
REC-02979,SYN-0248,train
REC-02980,SYN-0248,train
REC-02981,SYN-0248,train
REC-02982,SYN-0248,train
REC-02983,SYN-0248,train
REC-02984,SYN-0248,train
REC-02985,SYN-0248,train
REC-02986,SYN-0248,train
REC-02987,SYN-0248,train
REC-02988,SYN-0249,train
REC-02989,SYN-0249,train
REC-02990,SYN-0249,train
REC-02991,SYN-0249,train
REC-02992,SYN-0249,train
REC-02993,SYN-0249,train
REC-02994,SYN-0249,train
REC-02995,SYN-0249,train
REC-02996,SYN-0249,train
REC-02997,SYN-0249,train
REC-02998,SYN-0249,train
REC-02999,SYN-0249,train
