area_id,area_name,area_category,prediction,confidence,priority_score,rank,rescue_teams,ambulances,medical_supplies,food_shelter_units,priority_score_baseline,rank_baseline,rescue_teams_baseline,ambulances_baseline,medical_supplies_baseline,food_shelter_units_baseline,priority_score_change,rank_change,rescue_teams_change,ambulances_change,medical_supplies_change,food_shelter_units_change
AREA-02,Riverside,Peripheral,High,0.7249764268845551,79.89698914643333,1,1,1,3,5,78.24713838943839,1,1,1,3,4,1.6498507569949368,0,0,0,0,1
AREA-03,Old Town,Central,Medium,0.9836031687767345,55.289350463305006,2,1,1,2,3,54.98104023765164,2,1,1,2,3,0.30831022565336497,0,0,0,0,0
AREA-12,Outer Settlement,Peripheral,Medium,0.9640530729308584,53.75691030012835,3,1,1,2,3,51.269520768168434,7,0,1,2,3,2.487389531959913,-4,1,0,0,0
AREA-07,North Estate,Residential,Medium,0.8938055862407089,51.29515421414877,4,1,1,2,3,51.328945933644846,6,0,1,2,3,-0.0337917194960724,-2,1,0,0,0
AREA-08,Canal Quarter,Peripheral,Medium,0.8717726010366981,50.536059449882984,5,1,1,2,3,53.359609341935474,4,1,1,2,3,-2.8235498920524904,1,0,0,0,0
AREA-01,Central Market,Central,Medium,0.8238175911574848,48.84604997408943,6,0,1,2,3,47.053156752400255,8,0,1,1,3,1.7928932216891766,-2,0,0,1,0
AREA-10,Lake Colony,Peripheral,Medium,0.6621121125976134,43.17688264042483,7,0,1,2,2,53.35339287144225,5,1,1,2,3,-10.176510231017424,2,-1,0,0,-1
AREA-11,Industrial Ward,Central,Medium,0.5672714539966602,39.857419797973215,8,0,1,1,2,25.87281531949863,9,0,1,1,2,13.984604478474584,-1,0,0,0,0
AREA-05,Hill Junction,Residential,Low,0.5296607444704765,36.463009473530455,9,0,1,1,2,54.59882010879552,3,1,1,2,3,-18.135810635265067,6,-1,0,-1,-1
AREA-04,East Gardens,Residential,Low,0.5334186372045711,36.33052930224128,10,0,1,1,2,25.09437342922343,10,0,1,1,1,11.23615587301785,0,0,0,0,1
AREA-09,West Park,Residential,Low,0.987388740761998,20.441394714371707,11,0,0,1,1,20.61523232403927,12,0,0,1,1,-0.17383760966756157,-1,0,0,0,0
AREA-06,South Ward,Peripheral,Low,0.9974003910731931,20.090986321022953,12,0,0,1,1,21.069249201365626,11,0,0,1,1,-0.9782628803426725,1,0,0,0,0
