incident_id,area_id,area_name,area_category,input_record_identifier,flood_level,rainfall_mm,population,population_density,emergency_calls,road_accessibility,distance_to_hospital_km,vulnerable_population,hospital_capacity,available_rescue_teams,available_ambulances,medical_emergencies,infrastructure_damage,evacuation_percentage,historical_severity,sensor_reliability,response_time_minutes,true_severity,priority_label,prediction,priority_score,score_band,confidence,missing_feature_count,mandatory_review,review_status,rank,rescue_teams,ambulances,medical_supplies,food_shelter_units
DEMO-FLOOD-01,AREA-02,Riverside,Peripheral,REC-00001,2.925605202108388,367.72708097192424,60451,16612,234,0.0837763333605977,19.436404271798832,0.54395790610946,370,2,3,68,0.3654414789102038,0.3580033874732667,0.1943143453873006,0.4,82.85896757659852,74.85701515496007,High,High,79.89698914643333,High,0.7249764268845551,0,True,MANDATORY HUMAN REVIEW,1,1,1,3,5
DEMO-FLOOD-01,AREA-03,Old Town,Central,REC-00002,2.9543605307570817,248.40917266941568,61146,19123,145,0.4820145543481074,13.41836236597145,0.2050319267383538,329,0,3,30,0.4256351373869175,0.4845478296858787,0.5802338509579633,0.4,53.453927975096434,63.89467774575296,Medium,Medium,55.289350463305006,Medium,0.9836031687767345,0,True,MANDATORY HUMAN REVIEW,2,1,1,2,3
DEMO-FLOOD-01,AREA-12,Outer Settlement,Peripheral,REC-00011,2.683898025930363,143.60560065140183,38732,2409,76,0.5591510324827851,15.247911398764629,0.2334086397330787,329,0,7,12,0.2401943569844046,0.2117548908273404,0.6189963642962194,0.4,62.31263799964602,42.94922801396405,Medium,Medium,53.75691030012835,Medium,0.9640530729308584,0,True,MANDATORY HUMAN REVIEW,3,1,1,2,3
DEMO-FLOOD-01,AREA-07,North Estate,Residential,REC-00006,2.2731688296118637,187.97563186724992,38792,13107,85,0.6901684270682521,19.482103694043342,0.3537599100696623,49,3,5,26,0.1690298794597198,0.5573937699484437,0.8270387038514093,0.4,54.65760259133739,49.15566760292184,Medium,Medium,51.29515421414877,Medium,0.8938055862407089,0,True,MANDATORY HUMAN REVIEW,4,1,1,2,3
DEMO-FLOOD-01,AREA-08,Canal Quarter,Peripheral,REC-00007,1.8370053782380016,251.6677831608133,23198,16307,63,0.6018517030988535,28.20093683605826,0.4310261269745637,201,2,0,17,0.369202977939736,0.7189376326390022,0.6017576447391403,0.4,76.70547817915514,44.97226131808316,Medium,Medium,50.536059449882984,Medium,0.8717726010366981,0,True,MANDATORY HUMAN REVIEW,5,1,1,2,3
DEMO-FLOOD-01,AREA-01,Central Market,Central,REC-00000,2.298400873851348,148.83219533333644,15249,17472,30,0.7959875171669903,7.301921327312468,0.4715332420160125,403,1,6,4,0.4319802118828804,0.2834050821026392,0.3691585208668803,0.4,25.944508495593148,50.57840302625274,Medium,Medium,48.84604997408943,Medium,0.8238175911574848,0,True,MANDATORY HUMAN REVIEW,6,0,1,2,3
DEMO-FLOOD-01,AREA-10,Lake Colony,Peripheral,REC-00009,1.875660979893453,139.66256368627361,16909,18371,58,0.6487435625415834,11.214129862305764,0.4320723249320634,275,2,6,20,0.4894145176245404,0.8650435567332658,0.5211502509999736,0.4,41.66619329403823,49.07975996194036,Medium,Medium,43.17688264042483,Medium,0.6621121125976134,0,True,MANDATORY HUMAN REVIEW,7,0,1,2,2
DEMO-FLOOD-01,AREA-11,Industrial Ward,Central,REC-00010,2.602254763896026,211.61315408475718,4078,10739,8,0.7496237186003334,10.431720731845166,0.2596960486611869,124,1,2,2,0.4360932178279099,0.4654989907920655,0.5201951593550558,0.4,47.1925914477701,30.38523288341935,Low,Medium,39.857419797973215,Low,0.5672714539966602,0,True,MANDATORY HUMAN REVIEW,8,0,1,1,2
DEMO-FLOOD-01,AREA-05,Hill Junction,Residential,REC-00004,1.902022107328919,265.28319145909063,16435,17567,67,0.3268025677764735,2.643290565283684,0.0457361188052415,88,3,4,9,0.5681017080513693,0.7674537189191115,0.1523932056256572,0.4,51.231293748923214,61.67870707837127,Medium,Low,36.463009473530455,Low,0.5296607444704765,0,True,MANDATORY HUMAN REVIEW,9,0,1,1,2
DEMO-FLOOD-01,AREA-04,East Gardens,Residential,REC-00003,1.6200373051219517,31.48184631029342,60318,4827,69,0.8048576311862072,14.34080587402648,0.4211778931261881,59,0,3,20,0.0415755254149757,0.4737841046854835,0.8353475341894011,0.4,47.09604520461458,39.11961005015571,Low,Low,36.33052930224128,Low,0.5334186372045711,0,True,MANDATORY HUMAN REVIEW,10,0,1,1,2
DEMO-FLOOD-01,AREA-09,West Park,Residential,REC-00008,0.8082221547563229,87.48419325048779,6790,13222,8,0.9020576640604692,5.899312598269477,0.4871909241810661,96,3,5,1,0.3883984696571579,0.4889853218072661,0.1191307544972896,0.4,23.19076002351675,28.715825417103314,Low,Low,20.441394714371707,Low,0.987388740761998,0,True,MANDATORY HUMAN REVIEW,11,0,0,1,1
DEMO-FLOOD-01,AREA-06,South Ward,Peripheral,REC-00005,0.0,57.870858404180076,29622,1784,35,0.5682976490231086,14.092045051431713,0.2066527456897628,306,0,6,7,0.0,0.4095121908605786,0.1174414703850963,0.4,52.59420856692213,24.642649689040542,Low,Low,20.090986321022953,Low,0.9974003910731931,0,True,MANDATORY HUMAN REVIEW,12,0,0,1,1
