feature,contribution
road_accessibility,1.6766511889459301
flood_level,1.4080478522582578
medical_emergencies,1.1097954988144914
population,0.8639829042932776
vulnerable_population,0.5656646854146509
evacuation_percentage,0.35124702865424295
sensor_reliability,-0.30473896596588623
distance_to_hospital_km,0.23260434068449304
infrastructure_damage,-0.23030313414899367
area_category_Peripheral,-0.1764488763882105
historical_severity,0.16221112411579927
hospital_capacity,0.15753007031684804
emergency_calls,0.11054597384458614
area_category_Residential,-0.07742519976201082
area_category_Central,-0.06301257980666951
rainfall_mm,0.06215964717725303
population_density,0.057652496627411016
available_rescue_teams,-0.020527220844546588
available_ambulances,0.020414427876585674
