incident_id,area_id,area_name,area_category,input_record_identifier,flood_level,rainfall_mm,population,population_density,emergency_calls,road_accessibility,distance_to_hospital_km,vulnerable_population,hospital_capacity,available_rescue_teams,available_ambulances,medical_emergencies,infrastructure_damage,evacuation_percentage,historical_severity,sensor_reliability,response_time_minutes,true_severity,priority_label
DEMO-FLOOD-01,AREA-01,Central Market,Central,REC-00000,2.02415550207236,144.5401999918574,15249,17472,30,0.7959875171669903,7.301921327312468,0.4715332420160125,403,1,6,4,0.4319802118828804,0.2834050821026392,0.3691585208668803,0.8004508741178558,25.944508495593148,50.578403026252744,Medium
DEMO-FLOOD-01,AREA-02,Riverside,Peripheral,REC-00001,3.8615908977248337,294.45640251900215,60451,16612,234,0.08377633336059775,19.436404271798832,0.54395790610946,370,2,3,68,0.36544147891020384,0.3580033874732667,0.1943143453873006,0.6667811241362248,82.85896757659852,74.85701515496007,High
DEMO-FLOOD-01,AREA-03,Old Town,Central,REC-00002,2.27895445453127,218.02106542303272,61146,19123,145,0.48201455434810747,13.41836236597145,0.20503192673835388,329,0,3,30,0.42563513738691755,0.48454782968587873,0.5802338509579633,0.9541581106304315,53.453927975096434,63.89467774575296,Medium
DEMO-FLOOD-01,AREA-04,East Gardens,Residential,REC-00003,0.773529060369859,87.3358563977039,60318,4827,69,0.8048576311862072,14.340805874026481,0.4211778931261881,59,0,3,20,0.04157552541497575,0.47378410468548354,0.8353475341894011,0.6855781602068614,47.09604520461458,39.11961005015571,Low
DEMO-FLOOD-01,AREA-05,Hill Junction,Residential,REC-00004,3.657953777117372,241.3143904937282,16435,17567,67,0.32680256777647354,2.643290565283684,0.04573611880524154,88,3,4,9,0.5681017080513693,0.7674537189191115,0.15239320562565722,0.6617646190466505,51.231293748923214,61.67870707837127,Medium
DEMO-FLOOD-01,AREA-06,South Ward,Peripheral,REC-00005,0.7908672328237809,120.19822745806499,29622,1784,35,0.5682976490231086,14.092045051431711,0.20665274568976283,306,0,6,7,0.0,0.4095121908605786,0.1174414703850963,0.8418991896587583,52.594208566922134,24.642649689040546,Low
DEMO-FLOOD-01,AREA-07,North Estate,Residential,REC-00006,2.158112466761307,130.8763622822772,38792,13107,85,0.6901684270682521,19.482103694043342,0.35375991006966234,49,3,5,26,0.16902987945971984,0.5573937699484437,0.8270387038514093,0.9081577393680591,54.65760259133739,49.15566760292184,Medium
DEMO-FLOOD-01,AREA-08,Canal Quarter,Peripheral,REC-00007,2.1216237113472256,254.91296737491973,23198,16307,63,0.6018517030988535,28.20093683605826,0.4310261269745637,201,2,0,17,0.36920297793973605,0.7189376326390022,0.6017576447391403,0.8212112776057827,76.70547817915514,44.97226131808316,Medium
DEMO-FLOOD-01,AREA-09,West Park,Residential,REC-00008,0.8233431965101827,99.50024688092972,6790,13222,8,0.9020576640604693,5.899312598269477,0.48719092418106613,96,3,5,1,0.3883984696571579,0.48898532180726617,0.11913075449728963,0.6973607989715886,23.19076002351675,28.715825417103314,Low
DEMO-FLOOD-01,AREA-10,Lake Colony,Peripheral,REC-00009,2.643400514709675,183.9229840725298,16909,18371,58,0.6487435625415834,11.214129862305763,0.4320723249320634,275,2,6,20,0.48941451762454047,0.8650435567332658,0.5211502509999736,0.7790236572789759,41.66619329403823,49.07975996194036,Medium
DEMO-FLOOD-01,AREA-11,Industrial Ward,Central,REC-00010,1.8107965865194802,132.1479670709452,4078,10739,8,0.7496237186003334,10.431720731845166,0.25969604866118695,124,1,2,2,0.4360932178279099,0.4654989907920655,0.5201951593550558,0.7090382750118578,47.1925914477701,30.38523288341935,Low
DEMO-FLOOD-01,AREA-12,Outer Settlement,Peripheral,REC-00011,1.9838852840443095,153.65001698587398,38732,2409,76,0.5591510324827851,15.247911398764629,0.23340863973307874,329,0,7,12,0.2401943569844046,0.21175489082734042,0.6189963642962194,0.9561813991367685,62.31263799964602,42.94922801396405,Medium
